Date UTC,Temperature VSI,Humidity VSI
2020-04-21 00:00:50,19.86,48.92
2020-04-21 00:02:51,19.83,48.93
2020-04-21 00:04:52,19.84,48.91
2020-04-21 00:06:53,19.8,48.99
2020-04-21 00:08:55,19.8,49.02
2020-04-21 00:10:56,19.84,48.94
2020-04-21 00:12:57,19.82,49.03
2020-04-21 00:14:58,19.88,48.96
2020-04-21 00:17:00,19.86,48.93
2020-04-21 00:19:01,19.91,48.85
2020-04-21 00:21:02,19.89,48.76
2020-04-21 00:23:03,19.92,48.66
2020-04-21 00:25:05,19.86,48.76
2020-04-21 00:27:06,19.85,48.78
2020-04-21 00:29:07,19.83,48.88
2020-04-21 00:31:08,19.84,48.79
2020-04-21 00:33:10,19.91,48.64
2020-04-21 00:35:11,19.89,48.62
2020-04-21 00:37:12,19.83,48.75
2020-04-21 00:39:13,19.78,48.88
2020-04-21 00:41:14,19.84,48.81
2020-04-21 00:43:16,19.83,48.76
2020-04-21 00:45:17,19.79,48.89
2020-04-21 00:47:18,19.81,48.88
2020-04-21 00:49:20,19.84,48.78
2020-04-21 00:51:21,19.84,48.77
2020-04-21 00:53:22,19.8,48.84
2020-04-21 00:55:23,19.81,48.86
2020-04-21 00:57:24,19.84,48.84
2020-04-21 00:59:26,19.83,48.9
2020-04-21 01:01:27,19.84,48.86
2020-04-21 01:03:28,19.81,48.9
2020-04-21 01:05:29,19.84,48.97
2020-04-21 01:07:31,19.85,48.87
2020-04-21 01:09:32,19.84,48.95
2020-04-21 01:11:33,19.86,48.91
2020-04-21 01:13:34,19.91,48.77
2020-04-21 01:15:36,19.91,48.74
2020-04-21 01:17:37,19.91,48.75
2020-04-21 01:19:38,19.88,48.82
2020-04-21 01:21:39,19.86,48.85
2020-04-21 01:23:40,19.82,48.97
2020-04-21 01:25:42,19.82,48.92
2020-04-21 01:27:43,19.85,48.95
2020-04-21 01:29:44,19.84,48.9
2020-04-21 01:31:45,19.84,48.91
2020-04-21 01:33:46,19.82,48.94
2020-04-21 01:35:48,19.81,49.09
2020-04-21 01:37:49,19.83,49.06
2020-04-21 01:39:50,19.9,48.92
2020-04-21 01:41:51,19.85,49.08
2020-04-21 01:43:53,19.84,49.15
2020-04-21 01:45:54,19.86,49.19
2020-04-21 01:47:55,19.8,49.41
2020-04-21 01:49:56,19.84,49.38
2020-04-21 01:51:58,19.85,49.38
2020-04-21 01:53:59,19.83,49.49
2020-04-21 01:56:00,19.77,49.65
2020-04-21 01:58:01,19.82,49.63
2020-04-21 02:00:03,19.79,49.75
2020-04-21 02:02:04,19.78,49.8
2020-04-21 02:04:05,19.81,49.69
2020-04-21 02:06:06,19.84,49.66
2020-04-21 02:08:08,19.79,49.72
2020-04-21 02:10:09,19.86,49.57
2020-04-21 02:12:10,19.86,49.62
2020-04-21 02:14:11,19.87,49.66
2020-04-21 02:16:13,19.89,49.61
2020-04-21 02:18:14,19.89,49.59
2020-04-21 02:20:15,19.9,49.63
2020-04-21 02:22:16,19.83,49.82
2020-04-21 02:24:18,19.86,49.75
2020-04-21 02:26:19,19.79,49.98
2020-04-21 02:28:20,19.85,49.92
2020-04-21 02:30:21,19.79,50.02
2020-04-21 02:32:23,19.82,50
2020-04-21 02:34:24,19.83,50.01
2020-04-21 02:36:25,19.87,49.91
2020-04-21 02:38:27,19.85,49.93
2020-04-21 02:40:28,19.86,49.88
2020-04-21 02:42:29,19.86,49.91
2020-04-21 02:44:30,19.81,50.07
2020-04-21 02:46:32,19.82,50.08
2020-04-21 02:48:33,19.83,50.1
2020-04-21 02:50:34,19.9,49.98
2020-04-21 02:52:35,19.91,49.93
2020-04-21 02:54:36,19.81,50.13
2020-04-21 02:56:38,19.85,50.1
2020-04-21 02:58:39,19.83,50.14
2020-04-21 03:00:40,19.79,50.21
2020-04-21 03:02:41,19.84,50.11
2020-04-21 03:04:43,19.82,50.14
2020-04-21 03:06:44,19.85,50.02
2020-04-21 03:08:45,19.77,50.17
2020-04-21 03:10:46,19.8,50.05
2020-04-21 03:12:47,19.76,50.1
2020-04-21 03:14:49,19.8,50.02
2020-04-21 03:16:50,19.76,50.03
2020-04-21 03:18:51,19.8,49.89
2020-04-21 03:20:52,19.83,49.82
2020-04-21 03:22:54,19.86,49.67
2020-04-21 03:24:55,19.82,49.69
2020-04-21 03:26:56,19.87,49.57
2020-04-21 03:28:57,19.85,49.55
2020-04-21 03:30:58,19.84,49.65
2020-04-21 03:33:00,19.82,49.71
2020-04-21 03:35:01,19.8,49.76
2020-04-21 03:37:02,19.82,49.74
2020-04-21 03:39:03,19.79,49.74
2020-04-21 03:41:05,19.85,49.62
2020-04-21 03:43:06,19.83,49.62
2020-04-21 03:45:07,19.81,49.74
2020-04-21 03:47:08,19.87,49.6
2020-04-21 03:49:10,19.82,49.62
2020-04-21 03:51:11,19.85,49.54
2020-04-21 03:53:12,19.86,49.47
2020-04-21 03:55:14,19.8,49.57
2020-04-21 03:57:15,19.83,49.5
2020-04-21 03:59:16,19.75,49.66
2020-04-21 04:01:17,19.78,49.68
2020-04-21 04:03:18,19.8,49.58
2020-04-21 04:05:19,19.82,49.48
2020-04-21 04:07:21,19.8,49.48
2020-04-21 04:09:22,19.86,49.3
2020-04-21 04:11:23,19.88,49.22
2020-04-21 04:13:24,19.88,49.16
2020-04-21 04:15:26,19.86,49.2
2020-04-21 04:17:27,19.87,49.18
2020-04-21 04:19:28,19.87,49.15
2020-04-21 04:21:29,19.84,49.16
2020-04-21 04:23:31,19.79,49.31
2020-04-21 04:25:32,19.82,49.26
2020-04-21 04:27:33,19.82,49.2
2020-04-21 04:29:34,19.87,49.11
2020-04-21 04:31:36,19.85,49.1
2020-04-21 04:33:37,19.87,49.04
2020-04-21 04:35:38,19.84,49.08
2020-04-21 04:37:39,19.86,48.98
2020-04-21 04:39:41,19.8,49.17
2020-04-21 04:41:42,19.86,48.97
2020-04-21 04:43:43,19.85,48.96
2020-04-21 04:45:44,19.84,48.99
2020-04-21 04:47:46,19.82,49
2020-04-21 04:49:47,19.77,49.13
2020-04-21 04:51:48,19.82,49.04
2020-04-21 04:53:49,19.79,49.12
2020-04-21 04:55:50,19.87,48.91
2020-04-21 04:57:52,19.84,48.96
2020-04-21 04:59:53,19.86,48.9
2020-04-21 05:01:54,19.82,49
2020-04-21 05:03:55,19.82,49
2020-04-21 05:05:56,19.82,49
2020-04-21 05:07:58,19.82,49.11
2020-04-21 05:09:59,19.82,49.07
2020-04-21 05:12:00,19.85,49.05
2020-04-21 05:14:01,19.82,49.12
2020-04-21 05:16:03,19.85,49.09
2020-04-21 05:18:04,19.81,49.21
2020-04-21 05:20:05,19.81,49.22
2020-04-21 05:22:06,19.89,49.12
2020-04-21 05:24:07,19.86,49.13
2020-04-21 05:26:09,19.88,49.22
2020-04-21 05:28:10,19.9,49.16
2020-04-21 05:30:11,19.81,49.28
2020-04-21 05:32:12,19.78,49.49
2020-04-21 05:34:14,19.8,49.56
2020-04-21 05:36:15,19.8,49.59
2020-04-21 05:38:16,19.77,49.65
2020-04-21 05:40:17,19.78,49.67
2020-04-21 05:42:19,19.74,49.78
2020-04-21 05:44:20,19.77,49.76
2020-04-21 05:46:21,19.78,49.74
2020-04-21 05:48:22,19.79,49.77
2020-04-21 05:50:24,19.84,49.67
2020-04-21 05:52:25,19.8,49.72
2020-04-21 05:54:26,19.84,49.67
2020-04-21 05:56:27,19.91,49.46
2020-04-21 05:58:29,19.93,49.4
2020-04-21 06:00:30,19.88,49.55
2020-04-21 06:02:31,19.85,49.59
2020-04-21 06:04:32,19.87,49.64
2020-04-21 06:06:33,19.87,49.59
2020-04-21 06:08:35,19.83,49.79
2020-04-21 06:10:36,19.89,49.68
2020-04-21 06:12:37,19.85,49.73
2020-04-21 06:14:38,19.79,49.88
2020-04-21 06:16:40,19.78,49.95
2020-04-21 06:18:41,19.81,49.93
2020-04-21 06:20:42,19.83,49.92
2020-04-21 06:22:43,19.82,49.91
2020-04-21 06:24:45,19.83,49.87
2020-04-21 06:26:46,19.85,49.91
2020-04-21 06:28:47,19.84,49.88
2020-04-21 06:30:48,19.83,49.93
2020-04-21 06:32:49,19.82,49.97
2020-04-21 06:34:51,19.82,50.01
2020-04-21 06:36:52,19.81,50.05
2020-04-21 06:38:53,19.86,49.91
2020-04-21 06:40:54,19.85,49.94
2020-04-21 06:42:56,19.81,50.07
2020-04-21 06:44:57,19.82,50.08
2020-04-21 06:46:58,19.81,50.1
2020-04-21 06:48:59,19.77,50.24
2020-04-21 06:51:01,19.87,50.01
2020-04-21 06:53:02,19.87,49.97
2020-04-21 06:55:03,19.83,50.1
2020-04-21 06:57:04,19.9,49.95
2020-04-21 06:59:05,19.86,49.95
2020-04-21 07:01:07,19.86,50.02
2020-04-21 07:03:08,19.88,49.97
2020-04-21 07:05:09,19.85,50.11
2020-04-21 07:07:11,19.87,50.07
2020-04-21 07:09:12,19.88,50
2020-04-21 07:11:13,19.84,50.15
2020-04-21 07:13:14,19.82,50.25
2020-04-21 07:15:15,19.82,50.22
2020-04-21 07:17:17,19.82,50.27
2020-04-21 07:19:18,19.79,50.36
2020-04-21 07:21:19,19.86,50.14
2020-04-21 07:23:20,19.84,50.19
2020-04-21 07:25:22,19.84,50.17
2020-04-21 07:27:23,19.85,50.12
2020-04-21 07:29:24,19.83,50.2
2020-04-21 07:31:25,19.85,50.1
2020-04-21 07:33:27,19.85,50.11
2020-04-21 07:35:28,19.91,49.97
2020-04-21 07:37:29,19.91,49.91
2020-04-21 07:39:30,19.87,50
2020-04-21 07:41:32,19.87,50.05
2020-04-21 07:43:33,19.85,50.04
2020-04-21 07:45:34,19.88,50.03
2020-04-21 07:47:35,19.87,49.94
2020-04-21 07:49:36,19.86,50.01
2020-04-21 07:51:38,19.86,50.02
2020-04-21 07:53:39,19.86,49.99
2020-04-21 07:55:40,19.84,50.01
2020-04-21 07:57:42,19.8,50.15
2020-04-21 07:59:43,19.79,50.19
2020-04-21 08:01:44,19.85,50.03
2020-04-21 08:03:45,19.83,50
2020-04-21 08:05:46,19.85,50
2020-04-21 08:07:48,19.85,49.92
2020-04-21 08:09:49,19.82,50.01
2020-04-21 08:11:50,19.85,49.91
2020-04-21 08:13:51,19.89,49.79
2020-04-21 08:15:53,19.95,49.63
2020-04-21 08:17:54,19.92,49.69
2020-04-21 08:19:55,19.89,49.66
2020-04-21 08:21:56,19.91,49.61
2020-04-21 08:23:58,19.83,49.8
2020-04-21 08:25:59,19.86,49.76
2020-04-21 08:28:00,19.89,49.69
2020-04-21 08:30:01,19.88,49.63
2020-04-21 08:32:03,19.89,49.6
2020-04-21 08:34:04,19.89,49.54
2020-04-21 08:36:05,19.89,49.57
2020-04-21 08:38:06,19.9,49.49
2020-04-21 08:40:08,19.94,49.46
2020-04-21 08:42:09,19.96,49.37
2020-04-21 08:44:10,19.93,49.38
2020-04-21 08:46:12,19.89,49.51
2020-04-21 08:48:13,19.95,49.38
2020-04-21 08:50:14,19.91,49.44
2020-04-21 08:52:15,19.9,49.46
2020-04-21 08:54:17,19.9,49.47
2020-04-21 08:56:18,19.91,49.41
2020-04-21 08:58:19,19.91,49.35
2020-04-21 09:00:20,19.9,49.38
2020-04-21 09:02:21,19.9,49.44
2020-04-21 09:04:23,19.89,49.44
2020-04-21 09:06:24,19.86,49.46
2020-04-21 09:08:25,19.87,49.41
2020-04-21 09:10:26,19.82,49.6
2020-04-21 09:12:28,19.88,49.48
2020-04-21 09:14:29,19.91,49.36
2020-04-21 09:16:30,19.9,49.34
2020-04-21 09:18:31,19.91,49.34
2020-04-21 09:20:32,19.86,49.38
2020-04-21 09:22:34,19.9,49.32
2020-04-21 09:24:35,19.92,49.22
2020-04-21 09:26:36,19.92,49.17
2020-04-21 09:28:37,19.98,49.02
2020-04-21 09:30:39,19.91,49.11
2020-04-21 09:32:40,19.89,49.21
2020-04-21 09:34:41,19.87,49.19
2020-04-21 09:36:42,19.87,49.21
2020-04-21 09:38:44,19.9,49.11
2020-04-21 09:40:45,19.97,48.95
2020-04-21 09:42:46,19.96,48.89
2020-04-21 09:44:47,19.95,48.87
2020-04-21 09:46:49,19.97,48.83
2020-04-21 09:48:50,19.9,48.95
2020-04-21 09:50:51,19.92,48.96
2020-04-21 09:52:52,19.94,48.91
2020-04-21 09:54:54,19.9,48.96
2020-04-21 09:56:55,19.88,49.05
2020-04-21 09:58:56,19.88,49
2020-04-21 10:00:57,19.96,48.88
2020-04-21 10:02:59,19.92,48.85
2020-04-21 10:05:00,19.94,48.8
2020-04-21 10:07:01,19.95,48.76
2020-04-21 10:09:03,19.95,48.74
2020-04-21 10:11:04,19.89,48.86
2020-04-21 10:13:05,19.92,48.83
2020-04-21 10:15:06,19.94,48.71
2020-04-21 10:17:08,19.93,48.79
2020-04-21 10:19:09,19.99,48.58
2020-04-21 10:21:10,19.92,48.73
2020-04-21 10:23:11,19.97,48.6
2020-04-21 10:25:13,19.97,48.49
2020-04-21 10:27:14,19.96,48.6
2020-04-21 10:29:15,20.04,48.38
2020-04-21 10:31:16,19.98,48.42
2020-04-21 10:33:17,19.9,48.62
2020-04-21 10:35:19,19.9,48.71
2020-04-21 10:37:20,19.9,48.75
2020-04-21 10:39:21,19.86,48.88
2020-04-21 10:41:23,19.85,48.88
2020-04-21 10:43:24,19.88,48.86
2020-04-21 10:45:25,19.84,48.93
2020-04-21 10:47:26,19.9,48.86
2020-04-21 10:49:28,19.88,48.85
2020-04-21 10:51:29,19.89,48.87
2020-04-21 10:53:30,19.93,48.81
2020-04-21 10:55:31,19.9,48.8
2020-04-21 10:57:33,19.95,48.71
2020-04-21 10:59:34,19.94,48.69
2020-04-21 11:01:35,19.94,48.76
2020-04-21 11:03:37,19.95,48.69
2020-04-21 11:05:38,19.95,48.61
2020-04-21 11:07:39,19.92,48.71
2020-04-21 11:09:40,19.98,48.61
2020-04-21 11:11:42,19.95,48.62
2020-04-21 11:13:43,19.95,48.56
2020-04-21 11:15:44,19.94,48.63
2020-04-21 11:17:45,19.94,48.7
2020-04-21 11:19:47,19.93,48.72
2020-04-21 11:21:48,19.95,48.67
2020-04-21 11:23:49,19.97,48.64
2020-04-21 11:25:50,19.99,48.58
2020-04-21 11:27:52,19.92,48.7
2020-04-21 11:29:53,19.94,48.78
2020-04-21 11:31:54,19.95,48.69
2020-04-21 11:33:55,19.98,48.67
2020-04-21 11:35:56,19.94,48.68
2020-04-21 11:37:58,19.96,48.72
2020-04-21 11:39:59,19.94,48.71
2020-04-21 11:42:00,19.94,48.76
2020-04-21 11:44:02,19.92,48.82
2020-04-21 11:46:03,19.9,48.95
2020-04-21 11:48:04,19.93,48.84
2020-04-21 11:50:05,19.95,48.9
2020-04-21 11:52:07,19.96,48.75
2020-04-21 11:54:08,19.93,48.83
2020-04-21 11:56:09,19.94,48.85
2020-04-21 11:58:10,19.92,48.91
2020-04-21 12:00:12,19.96,48.81
2020-04-21 12:02:13,19.92,48.91
2020-04-21 12:04:14,19.94,48.93
2020-04-21 12:06:15,19.96,48.87
2020-04-21 12:08:17,19.96,48.81
2020-04-21 12:10:18,19.97,48.78
2020-04-21 12:12:19,19.94,48.88
2020-04-21 12:14:20,20.01,48.66
2020-04-21 12:16:22,20.05,48.59
2020-04-21 12:18:23,20.03,48.54
2020-04-21 12:20:24,19.99,48.63
2020-04-21 12:22:25,19.97,48.62
2020-04-21 12:24:27,19.95,48.74
2020-04-21 12:26:28,20,48.59
2020-04-21 12:28:29,19.91,48.76
2020-04-21 12:30:30,19.96,48.73
2020-04-21 12:32:32,19.96,48.64
2020-04-21 12:34:33,19.88,48.87
2020-04-21 12:36:34,19.91,48.84
2020-04-21 12:38:35,19.93,48.76
2020-04-21 12:40:37,19.94,48.77
2020-04-21 12:42:38,19.98,48.58
2020-04-21 12:44:39,19.95,48.68
2020-04-21 12:46:40,19.9,48.79
2020-04-21 12:48:42,19.93,48.74
2020-04-21 12:50:43,19.96,48.6
2020-04-21 12:52:44,19.91,48.7
2020-04-21 12:54:45,19.91,48.67
2020-04-21 12:56:47,19.91,48.64
2020-04-21 12:58:48,19.95,48.48
2020-04-21 13:00:49,19.96,48.44
2020-04-21 13:02:50,19.92,48.48
2020-04-21 13:04:52,19.96,48.39
2020-04-21 13:06:53,19.93,48.43
2020-04-21 13:08:54,19.96,48.34
2020-04-21 13:10:55,19.93,48.4
2020-04-21 13:12:57,19.93,48.41
2020-04-21 13:14:58,19.97,48.31
2020-04-21 13:16:59,19.96,48.32
2020-04-21 13:19:00,20,48.21
2020-04-21 13:21:02,20.02,48.15
2020-04-21 13:23:03,20.02,48.18
2020-04-21 13:25:04,19.97,48.21
2020-04-21 13:27:05,19.95,48.32
2020-04-21 13:29:07,19.95,48.37
2020-04-21 13:31:08,19.96,48.38
2020-04-21 13:33:09,19.95,48.35
2020-04-21 13:35:10,20,48.24
2020-04-21 13:37:12,19.98,48.25
2020-04-21 13:39:13,19.98,48.26
2020-04-21 13:41:14,20,48.2
2020-04-21 13:43:15,19.95,48.31
2020-04-21 13:45:17,19.94,48.36
2020-04-21 13:47:18,19.97,48.36
2020-04-21 13:49:19,19.98,48.3
2020-04-21 13:51:20,19.93,48.41
2020-04-21 13:53:21,19.95,48.34
2020-04-21 13:55:23,19.97,48.24
2020-04-21 13:57:24,19.95,48.3
2020-04-21 13:59:25,19.96,48.35
2020-04-21 14:01:27,19.96,48.33
2020-04-21 14:03:28,19.9,48.41
2020-04-21 14:05:29,19.9,48.48
2020-04-21 14:07:30,19.92,48.41
2020-04-21 14:09:32,19.89,48.49
2020-04-21 14:11:33,19.91,48.49
2020-04-21 14:13:34,19.96,48.35
2020-04-21 14:15:35,19.97,48.32
2020-04-21 14:17:36,19.94,48.34
2020-04-21 14:19:38,19.96,48.42
2020-04-21 14:21:39,19.92,48.4
2020-04-21 14:23:40,19.93,48.42
2020-04-21 14:25:42,20,48.33
2020-04-21 14:27:43,19.96,48.34
2020-04-21 14:29:44,19.98,48.3
2020-04-21 14:31:45,19.99,48.27
2020-04-21 14:33:47,20.01,48.22
2020-04-21 14:35:48,20.02,48.13
2020-04-21 14:37:49,19.97,48.2
2020-04-21 14:39:50,19.98,48.25
2020-04-21 14:41:52,19.98,48.27
2020-04-21 14:43:53,19.97,48.29
2020-04-21 14:45:54,20.03,48.1
2020-04-21 14:47:55,19.98,48.23
2020-04-21 14:49:56,19.94,48.33
2020-04-21 14:51:58,19.9,48.41
2020-04-21 14:53:59,19.94,48.37
2020-04-21 14:56:00,19.95,48.29
2020-04-21 14:58:01,19.98,48.23
2020-04-21 15:00:03,20.02,48.09
2020-04-21 15:02:04,20,48.16
2020-04-21 15:04:05,20.03,48.1
2020-04-21 15:06:06,19.95,48.32
2020-04-21 15:08:08,19.93,48.38
2020-04-21 15:10:09,19.89,48.46
2020-04-21 15:12:10,19.95,48.32
2020-04-21 15:14:11,19.92,48.34
2020-04-21 15:16:13,19.96,48.27
2020-04-21 15:18:14,19.96,48.23
2020-04-21 15:20:15,19.96,48.2
2020-04-21 15:22:16,19.95,48.26
2020-04-21 15:24:18,19.97,48.22
2020-04-21 15:26:19,19.95,48.23
2020-04-21 15:28:20,20.02,48.1
2020-04-21 15:30:21,19.98,48.17
2020-04-21 15:32:23,20,48.16
2020-04-21 15:34:24,20.01,48.13
2020-04-21 15:36:25,19.98,48.13
2020-04-21 15:38:26,19.98,48.21
2020-04-21 15:40:28,20,48.11
2020-04-21 15:42:29,20.01,48.12
2020-04-21 15:44:30,19.96,48.2
2020-04-21 15:46:31,19.98,48.18
2020-04-21 15:48:33,19.99,48.14
2020-04-21 15:50:34,20.04,48.04
2020-04-21 15:52:35,20.03,48.08
2020-04-21 15:54:36,20.04,48.05
2020-04-21 15:56:38,20.01,48.05
2020-04-21 15:58:39,20.03,48
2020-04-21 16:00:40,20.01,48.11
2020-04-21 16:02:41,20.04,47.95
2020-04-21 16:04:42,20.02,48.06
2020-04-21 16:06:44,20.01,48.08
2020-04-21 16:08:45,19.99,48.15
2020-04-21 16:10:46,20.03,48.03
2020-04-21 16:12:47,20.01,48.07
2020-04-21 16:14:49,20.02,48.06
2020-04-21 16:16:50,20.01,48.08
2020-04-21 16:18:51,19.98,48.09
2020-04-21 16:20:52,19.93,48.24
2020-04-21 16:22:54,19.93,48.28
2020-04-21 16:24:55,19.92,48.38
2020-04-21 16:26:56,19.92,48.29
2020-04-21 16:28:57,19.89,48.45
2020-04-21 16:30:59,19.94,48.33
2020-04-21 16:33:00,19.96,48.25
2020-04-21 16:35:01,19.96,48.21
2020-04-21 16:37:02,19.95,48.29
2020-04-21 16:39:03,19.96,48.3
2020-04-21 16:41:05,19.98,48.18
2020-04-21 16:43:06,19.95,48.29
2020-04-21 16:45:07,19.96,48.28
2020-04-21 16:47:09,19.99,48.2
2020-04-21 16:49:10,19.97,48.25
2020-04-21 16:51:11,19.96,48.3
2020-04-21 16:53:12,19.98,48.27
2020-04-21 16:55:13,19.97,48.3
2020-04-21 16:57:15,19.98,48.25
2020-04-21 16:59:16,19.95,48.38
2020-04-21 17:01:17,19.99,48.29
2020-04-21 17:03:18,19.97,48.29
2020-04-21 17:05:20,20,48.28
2020-04-21 17:07:21,20.01,48.24
2020-04-21 17:09:22,19.96,48.33
2020-04-21 17:11:23,19.99,48.31
2020-04-21 17:13:25,20,48.29
2020-04-21 17:15:26,20.04,48.18
2020-04-21 17:17:27,20.03,48.19
2020-04-21 17:19:28,19.99,48.27
2020-04-21 17:21:29,20,48.26
2020-04-21 17:23:31,20.05,48.24
2020-04-21 17:25:32,19.99,48.29
2020-04-21 17:27:33,19.98,48.33
2020-04-21 17:29:35,19.97,48.38
2020-04-21 17:31:36,19.95,48.45
2020-04-21 17:33:37,19.94,48.49
2020-04-21 17:35:38,19.99,48.36
2020-04-21 17:37:40,20,48.31
2020-04-21 17:39:41,19.99,48.37
2020-04-21 17:41:42,19.96,48.41
2020-04-21 17:43:43,19.97,48.43
2020-04-21 17:45:45,19.96,48.43
2020-04-21 17:47:46,19.98,48.42
2020-04-21 17:49:47,19.97,48.41
2020-04-21 17:51:48,20,48.41
2020-04-21 17:53:50,19.99,48.41
2020-04-21 17:55:51,19.98,48.44
2020-04-21 17:57:52,19.98,48.45
2020-04-21 17:59:53,19.97,48.48
2020-04-21 18:01:55,19.96,48.55
2020-04-21 18:03:56,19.98,48.43
2020-04-21 18:05:57,19.94,48.59
2020-04-21 18:07:58,19.95,48.58
2020-04-21 18:09:59,19.95,48.57
2020-04-21 18:12:01,19.93,48.61
2020-04-21 18:14:02,19.94,48.63
2020-04-21 18:16:03,20,48.47
2020-04-21 18:18:04,19.93,48.61
2020-04-21 18:20:06,19.97,48.56
2020-04-21 18:22:07,19.96,48.55
2020-04-21 18:24:08,19.96,48.57
2020-04-21 18:26:10,19.97,48.58
2020-04-21 18:28:11,20,48.42
2020-04-21 18:30:12,19.96,48.57
2020-04-21 18:32:13,19.92,48.65
2020-04-21 18:34:14,19.94,48.68
2020-04-21 18:36:16,19.99,48.52
2020-04-21 18:38:17,19.96,48.62
2020-04-21 18:40:18,19.96,48.6
2020-04-21 18:42:20,19.95,48.64
2020-04-21 18:44:21,19.94,48.68
2020-04-21 18:46:22,19.95,48.7
2020-04-21 18:48:23,19.92,48.71
2020-04-21 18:50:25,19.95,48.69
2020-04-21 18:52:26,19.94,48.65
2020-04-21 18:54:27,19.97,48.66
2020-04-21 18:56:28,19.93,48.72
2020-04-21 18:58:29,19.96,48.65
2020-04-21 19:00:31,19.94,48.73
2020-04-21 19:02:32,19.98,48.64
2020-04-21 19:04:33,19.97,48.68
2020-04-21 19:06:34,19.99,48.59
2020-04-21 19:08:36,19.95,48.67
2020-04-21 19:10:37,19.95,48.74
2020-04-21 19:12:38,19.97,48.65
2020-04-21 19:14:39,20.01,48.58
2020-04-21 19:16:40,19.97,48.65
2020-04-21 19:18:42,19.97,48.68
2020-04-21 19:20:43,19.98,48.67
2020-04-21 19:22:44,20,48.63
2020-04-21 19:24:45,19.97,48.68
2020-04-21 19:26:47,20,48.7
2020-04-21 19:28:48,20,48.68
2020-04-21 19:30:49,20.02,48.63
2020-04-21 19:32:50,20,48.66
2020-04-21 19:34:52,19.98,48.69
2020-04-21 19:36:53,19.95,48.78
2020-04-21 19:38:54,19.98,48.76
2020-04-21 19:40:55,19.97,48.76
2020-04-21 19:42:57,19.93,48.89
2020-04-21 19:44:58,19.95,48.86
2020-04-21 19:46:59,19.95,48.85
2020-04-21 19:49:00,19.95,48.87
2020-04-21 19:51:02,19.98,48.83
2020-04-21 19:53:03,19.98,48.83
2020-04-21 19:55:04,19.98,48.79
2020-04-21 19:57:05,20.01,48.71
2020-04-21 19:59:07,19.93,48.93
2020-04-21 20:01:08,19.89,49.06
2020-04-21 20:03:09,19.92,49.05
2020-04-21 20:05:10,19.92,49.02
2020-04-21 20:07:12,19.94,49.03
2020-04-21 20:09:13,19.92,49.01
2020-04-21 20:11:14,20,48.9
2020-04-21 20:13:15,20.02,48.78
2020-04-21 20:15:16,19.99,48.83
2020-04-21 20:17:18,19.99,48.81
2020-04-21 20:19:19,19.99,48.86
2020-04-21 20:21:20,19.98,48.87
2020-04-21 20:23:21,19.99,48.87
2020-04-21 20:25:23,19.98,48.89
2020-04-21 20:27:24,19.97,48.95
2020-04-21 20:29:25,20,48.91
2020-04-21 20:31:27,19.92,49.05
2020-04-21 20:33:28,19.93,49.08
2020-04-21 20:35:29,19.95,49.04
2020-04-21 20:37:30,19.94,49.05
2020-04-21 20:39:32,19.92,49.13
2020-04-21 20:41:33,19.95,49.11
2020-04-21 20:43:34,19.98,49.01
2020-04-21 20:45:35,19.94,49.11
2020-04-21 20:47:37,19.96,49.09
2020-04-21 20:49:38,20.02,48.96
2020-04-21 20:51:39,19.94,49.11
2020-04-21 20:53:40,19.97,49.07
2020-04-21 20:55:42,19.96,49.09
2020-04-21 20:57:43,19.97,49.11
2020-04-21 20:59:44,19.94,49.14
2020-04-21 21:01:45,19.95,49.14
2020-04-21 21:03:47,19.96,49.15
2020-04-21 21:05:48,19.96,49.14
2020-04-21 21:07:49,20.02,49.06
2020-04-21 21:09:50,19.98,49.07
2020-04-21 21:11:52,19.94,49.22
2020-04-21 21:13:53,19.9,49.34
2020-04-21 21:15:54,19.92,49.36
2020-04-21 21:17:55,19.96,49.29
2020-04-21 21:19:57,19.93,49.35
2020-04-21 21:21:58,19.93,49.35
2020-04-21 21:23:59,19.92,49.4
2020-04-21 21:26:00,19.93,49.42
2020-04-21 21:28:02,19.95,49.37
2020-04-21 21:30:03,19.96,49.3
2020-04-21 21:32:04,19.92,49.42
2020-04-21 21:34:05,19.91,49.49
2020-04-21 21:36:07,19.88,49.6
2020-04-21 21:38:08,19.92,49.5
2020-04-21 21:40:09,19.95,49.45
2020-04-21 21:42:10,19.92,49.45
2020-04-21 21:44:12,19.96,49.38
2020-04-21 21:46:13,19.98,49.29
2020-04-21 21:48:14,19.97,49.33
2020-04-21 21:50:15,19.97,49.29
2020-04-21 21:52:17,19.99,49.29
2020-04-21 21:54:18,19.97,49.3
2020-04-21 21:56:19,19.93,49.4
2020-04-21 21:58:21,19.93,49.43
2020-04-21 22:00:22,19.89,49.5
2020-04-21 22:02:23,19.9,49.53
2020-04-21 22:04:24,19.89,49.5
2020-04-21 22:06:25,19.89,49.53
2020-04-21 22:08:27,19.89,49.56
2020-04-21 22:10:28,19.91,49.51
2020-04-21 22:12:29,19.87,49.6
2020-04-21 22:14:30,19.95,49.42
2020-04-21 22:16:32,19.96,49.35
2020-04-21 22:18:33,19.99,49.28
2020-04-21 22:20:34,20.01,49.19
2020-04-21 22:22:35,19.91,49.38
2020-04-21 22:24:37,19.88,49.51
2020-04-21 22:26:38,19.88,49.48
2020-04-21 22:28:39,19.89,49.49
2020-04-21 22:30:40,19.91,49.42
2020-04-21 22:32:42,19.81,49.6
2020-04-21 22:34:43,19.86,49.56
2020-04-21 22:36:44,19.89,49.49
2020-04-21 22:38:46,19.88,49.43
2020-04-21 22:40:47,19.9,49.45
2020-04-21 22:42:48,19.88,49.41
2020-04-21 22:44:49,19.92,49.36
2020-04-21 22:46:51,19.89,49.35
2020-04-21 22:48:52,19.83,49.53
2020-04-21 22:50:53,19.87,49.48
2020-04-21 22:52:54,19.9,49.4
2020-04-21 22:54:56,19.95,49.24
2020-04-21 22:56:57,19.89,49.33
2020-04-21 22:58:58,19.86,49.39
2020-04-21 23:00:59,19.83,49.41
2020-04-21 23:03:01,19.85,49.37
2020-04-21 23:05:02,19.85,49.38
2020-04-21 23:07:03,19.88,49.28
2020-04-21 23:09:04,19.8,49.48
2020-04-21 23:11:06,19.77,49.64
2020-04-21 23:13:07,19.79,49.64
2020-04-21 23:15:08,19.78,49.6
2020-04-21 23:17:09,19.79,49.59
2020-04-21 23:19:11,19.78,49.62
2020-04-21 23:21:12,19.8,49.58
2020-04-21 23:23:13,19.82,49.49
2020-04-21 23:25:14,19.78,49.58
2020-04-21 23:27:16,19.76,49.69
2020-04-21 23:29:17,19.81,49.58
2020-04-21 23:31:18,19.8,49.56
2020-04-21 23:33:19,19.84,49.43
2020-04-21 23:35:21,19.82,49.45
2020-04-21 23:37:22,19.85,49.44
2020-04-21 23:39:23,19.87,49.34
2020-04-21 23:41:24,19.8,49.56
2020-04-21 23:43:26,19.84,49.44
2020-04-21 23:45:27,19.82,49.55
2020-04-21 23:47:28,19.8,49.6
2020-04-21 23:49:29,19.88,49.43
2020-04-21 23:51:31,19.89,49.35
2020-04-21 23:53:32,19.87,49.39
2020-04-21 23:55:33,19.86,49.43
2020-04-21 23:57:34,19.85,49.49
2020-04-21 23:59:35,19.86,49.48
2020-04-22 00:01:37,19.88,49.44
2020-04-22 00:03:38,19.87,49.5
2020-04-22 00:05:39,19.84,49.57
2020-04-22 00:07:41,19.86,49.54
2020-04-22 00:09:42,19.77,49.76
2020-04-22 00:11:43,19.78,49.79
2020-04-22 00:13:44,19.8,49.78
2020-04-22 00:15:46,19.79,49.81
2020-04-22 00:17:47,19.79,49.86
2020-04-22 00:19:48,19.83,49.8
2020-04-22 00:21:49,19.8,49.77
2020-04-22 00:23:50,19.83,49.77
2020-04-22 00:25:52,19.88,49.64
2020-04-22 00:27:53,19.87,49.65
2020-04-22 00:29:54,19.83,49.77
2020-04-22 00:31:55,19.79,49.87
2020-04-22 00:33:57,19.78,49.9
2020-04-22 00:35:58,19.84,49.82
2020-04-22 00:37:59,19.85,49.74
2020-04-22 00:40:00,19.83,49.81
2020-04-22 00:42:02,19.85,49.76
2020-04-22 00:44:03,19.84,49.81
2020-04-22 00:46:04,19.86,49.77
2020-04-22 00:48:05,19.82,49.83
2020-04-22 00:50:07,19.86,49.79
2020-04-22 00:52:08,19.87,49.76
2020-04-22 00:54:09,19.83,49.81
2020-04-22 00:56:10,19.77,50
2020-04-22 00:58:12,19.77,50.03
2020-04-22 01:00:13,19.85,49.88
2020-04-22 01:02:14,19.83,49.87
2020-04-22 01:04:15,19.86,49.85
2020-04-22 01:06:16,19.86,49.79
2020-04-22 01:08:18,19.79,49.98
2020-04-22 01:10:19,19.81,50
2020-04-22 01:12:20,19.83,49.89
2020-04-22 01:14:22,19.89,49.79
2020-04-22 01:16:23,19.88,49.83
2020-04-22 01:18:24,19.89,49.85
2020-04-22 01:20:25,19.82,50
2020-04-22 01:22:27,19.75,50.18
2020-04-22 01:24:28,19.81,50.13
2020-04-22 01:26:29,19.9,49.92
2020-04-22 01:28:30,19.89,49.85
2020-04-22 01:30:32,19.86,49.96
2020-04-22 01:32:33,19.85,50
2020-04-22 01:34:34,19.82,50.13
2020-04-22 01:36:35,19.79,50.2
2020-04-22 01:38:37,19.84,50.1
2020-04-22 01:40:38,19.81,50.21
2020-04-22 01:42:39,19.81,50.22
2020-04-22 01:44:40,19.81,50.28
2020-04-22 01:46:42,19.78,50.41
2020-04-22 01:48:43,19.75,50.51
2020-04-22 01:50:44,19.78,50.49
2020-04-22 01:52:45,19.81,50.42
2020-04-22 01:54:46,19.77,50.55
2020-04-22 01:56:48,19.8,50.5
2020-04-22 01:58:49,19.84,50.38
2020-04-22 02:00:50,19.85,50.35
2020-04-22 02:02:51,19.83,50.47
2020-04-22 02:04:53,19.82,50.53
2020-04-22 02:06:54,19.82,50.5
2020-04-22 02:08:55,19.79,50.59
2020-04-22 02:10:57,19.81,50.64
2020-04-22 02:12:58,19.83,50.61
2020-04-22 02:14:59,19.87,50.5
2020-04-22 02:17:00,19.83,50.56
2020-04-22 02:19:02,19.81,50.67
2020-04-22 02:21:03,19.81,50.69
2020-04-22 02:23:04,19.79,50.8
2020-04-22 02:25:05,19.78,50.87
2020-04-22 02:27:07,19.81,50.8
2020-04-22 02:29:08,19.81,50.8
2020-04-22 02:31:09,19.83,50.75
2020-04-22 02:33:10,19.77,50.9
2020-04-22 02:35:11,19.76,50.99
2020-04-22 02:37:13,19.8,50.95
2020-04-22 02:39:14,19.81,50.93
2020-04-22 02:41:15,19.77,51
2020-04-22 02:43:16,19.76,51.12
2020-04-22 02:45:18,19.76,51.12
2020-04-22 02:47:19,19.76,51.13
2020-04-22 02:49:20,19.78,51.09
2020-04-22 02:51:21,19.83,50.95
2020-04-22 02:53:23,19.82,50.97
2020-04-22 02:55:24,19.79,51.02
2020-04-22 02:57:25,19.81,50.98
2020-04-22 02:59:26,19.8,51.02
2020-04-22 03:01:28,19.79,51.01
2020-04-22 03:03:29,19.83,50.91
2020-04-22 03:05:30,19.8,50.98
2020-04-22 03:07:31,19.78,51
2020-04-22 03:09:33,19.81,50.89
2020-04-22 03:11:34,19.81,50.97
2020-04-22 03:13:35,19.82,50.89
2020-04-22 03:15:36,19.84,50.86
2020-04-22 03:17:38,19.87,50.75
2020-04-22 03:19:39,19.82,50.87
2020-04-22 03:21:40,19.87,50.76
2020-04-22 03:23:41,19.88,50.69
2020-04-22 03:25:43,19.95,50.47
2020-04-22 03:27:44,19.89,50.61
2020-04-22 03:29:45,19.88,50.62
2020-04-22 03:31:46,19.87,50.69
2020-04-22 03:33:48,19.89,50.66
2020-04-22 03:35:49,19.88,50.65
2020-04-22 03:37:50,19.86,50.79
2020-04-22 03:39:51,19.84,50.79
2020-04-22 03:41:53,19.79,51
2020-04-22 03:43:54,19.84,50.95
2020-04-22 03:45:55,19.85,50.89
2020-04-22 03:47:56,19.84,50.9
2020-04-22 03:49:57,19.81,51.07
2020-04-22 03:51:59,19.78,51.13
2020-04-22 03:54:00,19.71,51.37
2020-04-22 03:56:01,19.73,51.37
2020-04-22 03:58:03,19.73,51.44
2020-04-22 04:00:04,19.79,51.3
2020-04-22 04:02:05,19.75,51.38
2020-04-22 04:04:06,19.78,51.39
2020-04-22 04:06:08,19.77,51.37
2020-04-22 04:08:09,19.86,51.16
2020-04-22 04:10:10,19.81,51.3
2020-04-22 04:12:11,19.85,51.23
2020-04-22 04:14:13,19.86,51.13
2020-04-22 04:16:14,19.89,51.13
2020-04-22 04:18:15,19.83,51.23
2020-04-22 04:20:16,19.81,51.39
2020-04-22 04:22:18,19.89,51.23
2020-04-22 04:24:19,19.87,51.27
2020-04-22 04:26:20,19.82,51.38
2020-04-22 04:28:21,19.85,51.38
2020-04-22 04:30:23,19.81,51.46
2020-04-22 04:32:24,19.73,51.75
2020-04-22 04:34:25,19.79,51.68
2020-04-22 04:36:26,19.77,51.73
2020-04-22 04:38:28,19.79,51.67
2020-04-22 04:40:29,19.77,51.75
2020-04-22 04:42:30,19.73,51.86
2020-04-22 04:44:31,19.74,51.88
2020-04-22 04:46:33,19.77,51.86
2020-04-22 04:48:34,19.79,51.72
2020-04-22 04:50:35,19.77,51.8
2020-04-22 04:52:36,19.77,51.87
2020-04-22 04:54:38,19.72,52.06
2020-04-22 04:56:39,19.74,52.03
2020-04-22 04:58:40,19.75,52.02
2020-04-22 05:00:41,19.77,51.94
2020-04-22 05:02:43,19.75,52
2020-04-22 05:04:44,19.82,51.87
2020-04-22 05:06:45,19.83,51.76
2020-04-22 05:08:47,19.78,51.91
2020-04-22 05:10:48,19.74,52.03
2020-04-22 05:12:49,19.76,52.03
2020-04-22 05:14:50,19.76,52.06
2020-04-22 05:16:52,19.8,51.98
2020-04-22 05:18:53,19.77,52.09
2020-04-22 05:20:54,19.8,51.98
2020-04-22 05:22:55,19.81,51.99
2020-04-22 05:24:57,19.81,51.97
2020-04-22 05:26:58,19.78,52.1
2020-04-22 05:28:59,19.75,52.3
2020-04-22 05:31:00,19.82,52.12
2020-04-22 05:33:02,19.79,52.15
2020-04-22 05:35:03,19.8,52.11
2020-04-22 05:37:04,19.79,52.18
2020-04-22 05:39:05,19.8,52.19
2020-04-22 05:41:07,19.76,52.29
2020-04-22 05:43:08,19.79,52.2
2020-04-22 05:45:09,19.83,52.15
2020-04-22 05:47:11,19.8,52.17
2020-04-22 05:49:12,19.77,52.32
2020-04-22 05:51:13,19.79,52.28
2020-04-22 05:53:14,19.74,52.43
2020-04-22 05:55:16,19.76,52.41
2020-04-22 05:57:17,19.78,52.4
2020-04-22 05:59:18,19.82,52.25
2020-04-22 06:01:19,19.82,52.25
2020-04-22 06:03:21,19.84,52.19
2020-04-22 06:05:22,19.8,52.36
2020-04-22 06:07:23,19.88,52.09
2020-04-22 06:09:25,19.83,52.23
2020-04-22 06:11:26,19.84,52.22
2020-04-22 06:13:27,19.91,52.1
2020-04-22 06:15:28,19.86,52.14
2020-04-22 06:17:29,19.83,52.24
2020-04-22 06:19:31,19.81,52.29
2020-04-22 06:21:32,19.8,52.39
2020-04-22 06:23:33,19.77,52.52
2020-04-22 06:25:34,19.78,52.48
2020-04-22 06:27:36,19.76,52.56
2020-04-22 06:29:37,19.74,52.63
2020-04-22 06:31:38,19.77,52.57
2020-04-22 06:33:39,19.81,52.42
2020-04-22 06:35:41,19.8,52.41
2020-04-22 06:37:42,19.79,52.44
2020-04-22 06:39:43,19.8,52.5
2020-04-22 06:41:44,19.84,52.36
2020-04-22 06:43:46,19.79,52.5
2020-04-22 06:45:47,19.8,52.44
2020-04-22 06:47:48,19.8,52.45
2020-04-22 06:49:50,19.79,52.46
2020-04-22 06:51:51,19.82,52.38
2020-04-22 06:53:52,19.74,52.63
2020-04-22 06:55:53,19.79,52.6
2020-04-22 06:57:55,19.81,52.47
2020-04-22 06:59:56,19.81,52.46
2020-04-22 07:01:57,19.79,52.46
2020-04-22 07:03:58,19.78,52.6
2020-04-22 07:06:00,19.77,52.7
2020-04-22 07:08:01,19.8,52.6
2020-04-22 07:10:02,19.82,52.52
2020-04-22 07:12:03,19.78,52.6
2020-04-22 07:14:04,19.78,52.65
2020-04-22 07:16:06,19.76,52.73
2020-04-22 07:18:07,19.8,52.56
2020-04-22 07:20:08,19.8,52.54
2020-04-22 07:22:09,19.8,52.55
2020-04-22 07:24:11,19.84,52.44
2020-04-22 07:26:12,19.85,52.39
2020-04-22 07:28:13,19.79,52.58
2020-04-22 07:30:14,19.8,52.6
2020-04-22 07:32:16,19.81,52.62
2020-04-22 07:34:17,19.81,52.56
2020-04-22 07:36:18,19.83,52.49
2020-04-22 07:38:19,19.79,52.62
2020-04-22 07:40:21,19.75,52.67
2020-04-22 07:42:22,19.78,52.67
2020-04-22 07:44:23,19.78,52.63
2020-04-22 07:46:24,19.8,52.58
2020-04-22 07:48:26,19.79,52.58
2020-04-22 07:50:27,19.76,52.7
2020-04-22 07:52:28,19.75,52.72
2020-04-22 07:54:29,19.76,52.71
2020-04-22 07:56:31,19.77,52.59
2020-04-22 07:58:32,19.85,52.42
2020-04-22 08:00:33,19.83,52.45
2020-04-22 08:02:34,19.85,52.41
2020-04-22 08:04:36,19.85,52.43
2020-04-22 08:06:37,19.83,52.5
2020-04-22 08:08:38,19.83,52.41
2020-04-22 08:10:39,19.83,52.46
2020-04-22 08:12:41,19.85,52.38
2020-04-22 08:14:42,19.86,52.33
2020-04-22 08:16:43,19.81,52.49
2020-04-22 08:18:44,19.8,52.46
2020-04-22 08:20:45,19.8,52.51
2020-04-22 08:22:47,19.78,52.54
2020-04-22 08:24:48,19.79,52.55
2020-04-22 08:26:49,19.83,52.44
2020-04-22 08:28:50,19.78,52.59
2020-04-22 08:30:52,19.85,52.43
2020-04-22 08:32:53,19.83,52.49
2020-04-22 08:34:54,19.82,52.43
2020-04-22 08:36:55,19.82,52.46
2020-04-22 08:38:57,19.82,52.52
2020-04-22 08:40:58,19.82,52.51
2020-04-22 08:42:59,19.78,52.6
2020-04-22 08:45:01,19.77,52.62
2020-04-22 08:47:02,19.79,52.64
2020-04-22 08:49:03,19.83,52.56
2020-04-22 08:51:04,19.79,52.61
2020-04-22 08:53:06,19.85,52.51
2020-04-22 08:55:07,19.83,52.53
2020-04-22 08:57:08,19.84,52.52
2020-04-22 08:59:10,19.82,52.56
2020-04-22 09:01:11,19.81,52.59
2020-04-22 09:03:12,19.82,52.66
2020-04-22 09:05:13,19.83,52.62
2020-04-22 09:07:14,19.84,52.6
2020-04-22 09:09:16,19.84,52.56
2020-04-22 09:11:17,19.84,52.59
2020-04-22 09:13:18,19.81,52.68
2020-04-22 09:15:19,19.84,52.62
2020-04-22 09:17:21,19.84,52.61
2020-04-22 09:19:22,19.8,52.76
2020-04-22 09:21:23,19.82,52.74
2020-04-22 09:23:24,19.83,52.76
2020-04-22 09:25:26,19.89,52.63
2020-04-22 09:27:27,19.88,52.64
2020-04-22 09:29:28,19.81,52.85
2020-04-22 09:31:29,19.8,52.94
2020-04-22 09:33:31,19.85,52.74
2020-04-22 09:35:32,19.8,52.87
2020-04-22 09:37:33,19.82,52.88
2020-04-22 09:39:34,19.79,52.9
2020-04-22 09:41:35,19.84,52.83
2020-04-22 09:43:37,19.77,52.97
2020-04-22 09:45:38,19.83,52.82
2020-04-22 09:47:39,19.77,52.94
2020-04-22 09:49:41,19.82,52.81
2020-04-22 09:51:42,19.83,52.81
2020-04-22 09:53:43,19.82,52.79
2020-04-22 09:55:44,19.88,52.61
2020-04-22 09:57:46,19.81,52.77
2020-04-22 09:59:47,19.84,52.69
2020-04-22 10:01:48,19.82,52.7
2020-04-22 10:03:49,19.82,52.68
2020-04-22 10:05:50,19.81,52.75
2020-04-22 10:07:52,19.81,52.81
2020-04-22 10:09:53,19.8,52.84
2020-04-22 10:11:54,19.77,52.94
2020-04-22 10:13:55,19.78,52.93
2020-04-22 10:15:57,19.81,52.85
2020-04-22 10:17:58,19.83,52.78
2020-04-22 10:19:59,19.83,52.78
2020-04-22 10:22:00,19.87,52.63
2020-04-22 10:24:02,19.87,52.59
2020-04-22 10:26:03,19.87,52.59
2020-04-22 10:28:04,19.85,52.64
2020-04-22 10:30:05,19.88,52.62
2020-04-22 10:32:07,19.86,52.57
2020-04-22 10:34:08,19.82,52.67
2020-04-22 10:36:09,19.83,52.72
2020-04-22 10:38:10,19.88,52.54
2020-04-22 10:40:12,19.83,52.62
2020-04-22 10:42:13,19.83,52.58
2020-04-22 10:44:14,19.82,52.68
2020-04-22 10:46:15,19.88,52.58
2020-04-22 10:48:16,19.87,52.55
2020-04-22 10:50:18,19.84,52.66
2020-04-22 10:52:19,19.84,52.71
2020-04-22 10:54:20,19.81,52.84
2020-04-22 10:56:21,19.78,52.93
2020-04-22 10:58:23,19.74,53.09
2020-04-22 11:00:24,19.81,52.97
2020-04-22 11:02:25,19.87,52.75
2020-04-22 11:04:27,19.79,53
2020-04-22 11:06:28,19.8,53
2020-04-22 11:08:29,19.84,52.86
2020-04-22 11:10:30,19.78,53.07
2020-04-22 11:12:32,19.81,53.04
2020-04-22 11:14:33,19.81,53.01
2020-04-22 11:16:34,19.85,52.92
2020-04-22 11:18:35,19.84,52.93
2020-04-22 11:20:37,19.81,53.04
2020-04-22 11:22:38,19.78,53.17
2020-04-22 11:24:39,19.78,53.2
2020-04-22 11:26:40,19.79,53.24
2020-04-22 11:28:41,19.8,53.15
2020-04-22 11:30:43,19.85,53.04
2020-04-22 11:32:44,19.84,52.99
2020-04-22 11:34:45,19.9,52.87
2020-04-22 11:36:46,19.88,52.85
2020-04-22 11:38:48,19.78,53.11
2020-04-22 11:40:49,19.79,53.21
2020-04-22 11:42:50,19.81,53.07
2020-04-22 11:44:51,19.79,53.18
2020-04-22 11:46:53,19.79,53.16
2020-04-22 11:48:54,19.83,53.07
2020-04-22 11:50:55,19.8,53.2
2020-04-22 11:52:56,19.84,53.01
2020-04-22 11:54:58,19.85,53.06
2020-04-22 11:56:59,19.83,53.09
2020-04-22 11:59:00,19.77,53.2
2020-04-22 12:01:01,19.79,53.25
2020-04-22 12:03:03,19.83,53.1
2020-04-22 12:05:04,19.85,53.08
2020-04-22 12:07:05,19.83,53.16
2020-04-22 12:09:07,19.88,52.95
2020-04-22 12:11:08,19.84,53.07
2020-04-22 12:13:09,19.85,53.04
2020-04-22 12:15:10,19.79,53.2
2020-04-22 12:17:11,19.83,53.12
2020-04-22 12:19:13,19.88,52.95
2020-04-22 12:21:14,19.82,53.08
2020-04-22 12:23:15,19.8,53.17
2020-04-22 12:25:16,19.82,53.2
2020-04-22 12:27:18,19.81,53.15
2020-04-22 12:29:19,19.83,53.15
2020-04-22 12:31:20,19.84,53.17
2020-04-22 12:33:21,19.81,53.29
2020-04-22 12:35:23,19.82,53.29
2020-04-22 12:37:24,19.84,53.25
2020-04-22 12:39:25,19.84,53.28
2020-04-22 12:41:26,19.86,53.22
2020-04-22 12:43:28,19.84,53.32
2020-04-22 12:45:29,19.83,53.41
2020-04-22 12:47:30,19.84,53.38
2020-04-22 12:49:31,19.85,53.28
2020-04-22 12:51:33,19.87,53.32
2020-04-22 12:53:34,19.82,53.46
2020-04-22 12:55:35,19.83,53.41
2020-04-22 12:57:36,19.87,53.31
2020-04-22 12:59:38,19.87,53.3
2020-04-22 13:01:39,19.88,53.24
2020-04-22 13:03:40,19.84,53.35
2020-04-22 13:05:41,19.81,53.47
2020-04-22 13:07:43,19.83,53.45
2020-04-22 13:09:44,19.85,53.4
2020-04-22 13:11:45,19.83,53.44
2020-04-22 13:13:46,19.83,53.42
2020-04-22 13:15:48,19.83,53.51
2020-04-22 13:17:49,19.84,53.43
2020-04-22 13:19:50,19.85,53.47
2020-04-22 13:21:51,19.84,53.41
2020-04-22 13:23:53,19.81,53.52
2020-04-22 13:25:54,19.82,53.54
2020-04-22 13:27:55,19.87,53.39
2020-04-22 13:29:56,19.83,53.49
2020-04-22 13:31:58,19.83,53.51
2020-04-22 13:33:59,19.86,53.35
2020-04-22 13:36:00,19.79,53.54
2020-04-22 13:38:01,19.78,53.64
2020-04-22 13:40:03,19.8,53.49
2020-04-22 13:42:04,19.72,53.67
2020-04-22 13:44:05,19.8,53.5
2020-04-22 13:46:06,19.78,53.52
2020-04-22 13:48:07,19.79,53.59
2020-04-22 13:50:09,19.78,53.56
2020-04-22 13:52:10,19.82,53.39
2020-04-22 13:54:11,19.86,53.3
2020-04-22 13:56:13,19.83,53.39
2020-04-22 13:58:14,19.84,53.32
2020-04-22 14:00:15,19.83,53.37
2020-04-22 14:02:16,19.85,53.32
2020-04-22 14:04:17,19.83,53.29
2020-04-22 14:06:19,19.81,53.43
2020-04-22 14:08:20,19.83,53.4
2020-04-22 14:10:21,19.86,53.28
2020-04-22 14:12:23,19.87,53.27
2020-04-22 14:14:24,19.86,53.29
2020-04-22 14:16:25,19.87,53.29
2020-04-22 14:18:26,19.88,53.27
2020-04-22 14:20:28,19.85,53.31
2020-04-22 14:22:29,19.9,53.2
2020-04-22 14:24:30,19.86,53.25
2020-04-22 14:26:31,19.92,53.16
2020-04-22 14:28:33,19.9,53.19
2020-04-22 14:30:34,19.92,53.14
2020-04-22 14:32:35,19.93,53.13
2020-04-22 14:34:36,19.89,53.2
2020-04-22 14:36:37,19.87,53.29
2020-04-22 14:38:39,19.85,53.3
2020-04-22 14:40:40,19.86,53.38
2020-04-22 14:42:41,19.88,53.28
2020-04-22 14:44:42,19.88,53.19
2020-04-22 14:46:44,19.9,53.15
2020-04-22 14:48:45,19.87,53.22
2020-04-22 14:50:46,19.88,53.23
2020-04-22 14:52:47,19.89,53.22
2020-04-22 14:54:49,19.83,53.37
2020-04-22 14:56:50,19.85,53.39
2020-04-22 14:58:51,19.82,53.41
2020-04-22 15:00:53,19.83,53.39
2020-04-22 15:02:54,19.85,53.31
2020-04-22 15:04:55,19.89,53.26
2020-04-22 15:06:56,19.85,53.31
2020-04-22 15:08:57,19.84,53.31
2020-04-22 15:10:59,19.85,53.31
2020-04-22 15:13:00,19.84,53.35
2020-04-22 15:15:01,19.84,53.33
2020-04-22 15:17:03,19.87,53.27
2020-04-22 15:19:04,19.87,53.21
2020-04-22 15:21:05,19.82,53.34
2020-04-22 15:23:06,19.86,53.26
2020-04-22 15:25:08,19.85,53.35
2020-04-22 15:27:09,19.85,53.34
2020-04-22 15:29:10,19.9,53.17
2020-04-22 15:31:11,19.87,53.25
2020-04-22 15:33:12,19.87,53.24
2020-04-22 15:35:14,19.84,53.39
2020-04-22 15:37:15,19.8,53.46
2020-04-22 15:39:16,19.85,53.38
2020-04-22 15:41:17,19.86,53.3
2020-04-22 15:43:19,19.87,53.31
2020-04-22 15:45:20,19.85,53.31
2020-04-22 15:47:21,19.85,53.31
2020-04-22 15:49:22,19.8,53.39
2020-04-22 15:51:24,19.81,53.47
2020-04-22 15:53:25,19.85,53.32
2020-04-22 15:55:26,19.86,53.3
2020-04-22 15:57:27,19.89,53.18
2020-04-22 15:59:29,19.9,53.13
2020-04-22 16:01:30,19.88,53.1
2020-04-22 16:03:31,19.89,53.15
2020-04-22 16:05:32,19.82,53.26
2020-04-22 16:07:34,19.85,53.3
2020-04-22 16:09:35,19.83,53.33
2020-04-22 16:11:36,19.83,53.37
2020-04-22 16:13:37,19.86,53.2
2020-04-22 16:15:39,19.86,53.19
2020-04-22 16:17:40,19.9,53.04
2020-04-22 16:19:41,19.86,53.15
2020-04-22 16:21:42,19.87,53.07
2020-04-22 16:23:44,19.88,53.05
2020-04-22 16:25:45,19.84,53.17
2020-04-22 16:27:46,19.86,53.16
2020-04-22 16:29:47,19.88,53.09
2020-04-22 16:31:49,19.85,53.1
2020-04-22 16:33:50,19.81,53.21
2020-04-22 16:35:51,19.81,53.28
2020-04-22 16:37:52,19.84,53.24
2020-04-22 16:39:54,19.82,53.25
2020-04-22 16:41:55,19.78,53.38
2020-04-22 16:43:56,19.83,53.26
2020-04-22 16:45:57,19.84,53.22
2020-04-22 16:47:59,19.82,53.27
2020-04-22 16:50:00,19.84,53.26
2020-04-22 16:52:01,19.85,53.23
2020-04-22 16:54:02,19.85,53.19
2020-04-22 16:56:04,19.84,53.22
2020-04-22 16:58:05,19.84,53.21
2020-04-22 17:00:06,19.82,53.28
2020-04-22 17:02:07,19.83,53.24
2020-04-22 17:04:09,19.88,53.07
2020-04-22 17:06:10,19.79,53.29
2020-04-22 17:08:11,19.82,53.23
2020-04-22 17:10:12,19.82,53.26
2020-04-22 17:12:13,19.82,53.25
2020-04-22 17:14:15,19.86,53.12
2020-04-22 17:16:16,19.84,53.14
2020-04-22 17:18:17,19.88,53.01
2020-04-22 17:20:18,19.88,52.98
2020-04-22 17:22:20,19.86,53.02
2020-04-22 17:24:21,19.88,53.04
2020-04-22 17:26:22,19.83,53.09
2020-04-22 17:28:23,19.83,53.17
2020-04-22 17:30:25,19.83,53.12
2020-04-22 17:32:26,19.85,53.05
2020-04-22 17:34:27,19.86,53.05
2020-04-22 17:36:28,19.88,52.99
2020-04-22 17:38:30,19.86,53.05
2020-04-22 17:40:31,19.89,52.94
2020-04-22 17:42:32,19.85,53.05
2020-04-22 17:44:33,19.89,52.97
2020-04-22 17:46:35,19.86,53.04
2020-04-22 17:48:36,19.84,53.15
2020-04-22 17:50:37,19.83,53.17
2020-04-22 17:52:38,19.79,53.25
2020-04-22 17:54:40,19.76,53.29
2020-04-22 17:56:41,19.74,53.41
2020-04-22 17:58:42,19.76,53.38
2020-04-22 18:00:43,19.81,53.21
2020-04-22 18:02:45,19.88,52.99
2020-04-22 18:04:46,19.83,53.07
2020-04-22 18:06:47,19.8,53.14
2020-04-22 18:08:48,19.82,53.13
2020-04-22 18:10:50,19.83,53.09
2020-04-22 18:12:51,19.86,52.99
2020-04-22 18:14:52,19.84,53.08
2020-04-22 18:16:53,19.79,53.18
2020-04-22 18:18:54,19.8,53.16
2020-04-22 18:20:56,19.83,53.08
2020-04-22 18:22:57,19.86,52.97
2020-04-22 18:24:58,19.85,53
2020-04-22 18:26:59,19.87,52.92
2020-04-22 18:29:01,19.91,52.82
2020-04-22 18:31:02,19.84,53.05
2020-04-22 18:33:03,19.86,52.99
2020-04-22 18:35:04,19.84,53
2020-04-22 18:37:06,19.83,53.05
2020-04-22 18:39:07,19.87,52.96
2020-04-22 18:41:08,19.84,53.02
2020-04-22 18:43:09,19.85,53.03
2020-04-22 18:45:10,19.83,53.07
2020-04-22 18:47:12,19.81,53.16
2020-04-22 18:49:13,19.78,53.19
2020-04-22 18:51:14,19.8,53.22
2020-04-22 18:53:15,19.8,53.2
2020-04-22 18:55:17,19.88,52.97
2020-04-22 18:57:18,19.93,52.78
2020-04-22 18:59:19,19.89,52.83
2020-04-22 19:01:21,19.88,52.93
2020-04-22 19:03:22,19.88,52.85
2020-04-22 19:05:23,19.84,52.98
2020-04-22 19:07:24,19.83,53.09
2020-04-22 19:09:26,19.85,53
2020-04-22 19:11:27,19.83,53.07
2020-04-22 19:13:28,19.85,53.04
2020-04-22 19:15:29,19.84,52.99
2020-04-22 19:17:30,19.85,52.99
2020-04-22 19:19:32,19.84,53.01
2020-04-22 19:21:33,19.87,52.9
2020-04-22 19:23:34,19.86,52.92
2020-04-22 19:25:35,19.83,53.01
2020-04-22 19:27:37,19.81,53.11
2020-04-22 19:29:38,19.82,53.01
2020-04-22 19:31:39,19.78,53.21
2020-04-22 19:33:40,19.8,53.14
2020-04-22 19:35:42,19.86,52.99
2020-04-22 19:37:43,19.88,52.88
2020-04-22 19:39:44,19.86,52.88
2020-04-22 19:41:45,19.87,52.83
2020-04-22 19:43:47,19.89,52.8
2020-04-22 19:45:48,19.88,52.81
2020-04-22 19:47:49,19.89,52.71
2020-04-22 19:49:50,19.9,52.72
2020-04-22 19:51:52,19.93,52.57
2020-04-22 19:53:53,19.92,52.61
2020-04-22 19:55:54,19.9,52.59
2020-04-22 19:57:55,19.91,52.56
2020-04-22 19:59:57,19.94,52.53
2020-04-22 20:01:58,19.9,52.57
2020-04-22 20:03:59,19.99,52.35
2020-04-22 20:06:00,19.98,52.31
2020-04-22 20:08:02,19.92,52.47
2020-04-22 20:10:03,19.92,52.51
2020-04-22 20:12:04,19.86,52.64
2020-04-22 20:14:05,19.86,52.66
2020-04-22 20:16:07,19.86,52.67
2020-04-22 20:18:08,19.9,52.6
2020-04-22 20:20:09,19.88,52.6
2020-04-22 20:22:10,19.85,52.76
2020-04-22 20:24:12,19.82,52.82
2020-04-22 20:26:13,19.8,52.85
2020-04-22 20:28:14,19.82,52.87
2020-04-22 20:30:15,19.83,52.86
2020-04-22 20:32:17,19.87,52.69
2020-04-22 20:34:18,19.84,52.75
2020-04-22 20:36:19,19.86,52.68
2020-04-22 20:38:20,19.81,52.77
2020-04-22 20:40:22,19.83,52.77
2020-04-22 20:42:23,19.88,52.69
2020-04-22 20:44:24,19.91,52.51
2020-04-22 20:46:25,19.89,52.49
2020-04-22 20:48:26,19.91,52.46
2020-04-22 20:50:28,19.93,52.38
2020-04-22 20:52:29,19.91,52.45
2020-04-22 20:54:30,19.89,52.5
2020-04-22 20:56:31,19.91,52.44
2020-04-22 20:58:33,19.93,52.41
2020-04-22 21:00:34,19.88,52.53
2020-04-22 21:02:35,19.9,52.47
2020-04-22 21:04:36,19.89,52.49
2020-04-22 21:06:38,19.9,52.44
2020-04-22 21:08:39,19.89,52.47
2020-04-22 21:10:40,19.97,52.26
2020-04-22 21:12:41,19.96,52.27
2020-04-22 21:14:43,19.94,52.29
2020-04-22 21:16:44,19.9,52.42
2020-04-22 21:18:45,19.92,52.36
2020-04-22 21:20:46,19.9,52.47
2020-04-22 21:22:48,19.87,52.52
2020-04-22 21:24:49,19.86,52.54
2020-04-22 21:26:50,19.91,52.56
2020-04-22 21:28:51,19.91,52.49
2020-04-22 21:30:53,19.9,52.47
2020-04-22 21:32:54,19.94,52.4
2020-04-22 21:34:55,19.91,52.45
2020-04-22 21:36:56,19.95,52.38
2020-04-22 21:38:58,19.93,52.42
2020-04-22 21:40:59,19.91,52.46
2020-04-22 21:43:00,19.86,52.58
2020-04-22 21:45:01,19.86,52.64
2020-04-22 21:47:02,19.82,52.77
2020-04-22 21:49:04,19.84,52.73
2020-04-22 21:51:05,19.84,52.75
2020-04-22 21:53:06,19.94,52.48
2020-04-22 21:55:07,19.91,52.51
2020-04-22 21:57:09,19.83,52.73
2020-04-22 21:59:10,19.82,52.81
2020-04-22 22:01:11,19.8,52.85
2020-04-22 22:03:12,19.83,52.78
2020-04-22 22:05:14,19.86,52.71
2020-04-22 22:07:15,19.87,52.63
2020-04-22 22:09:16,19.87,52.68
2020-04-22 22:11:17,19.85,52.7
2020-04-22 22:13:19,19.89,52.64
2020-04-22 22:15:20,19.9,52.56
2020-04-22 22:17:21,19.87,52.64
2020-04-22 22:19:22,19.89,52.6
2020-04-22 22:21:24,19.86,52.67
2020-04-22 22:23:25,19.81,52.81
2020-04-22 22:25:26,19.83,52.74
2020-04-22 22:27:27,19.83,52.7
2020-04-22 22:29:29,19.9,52.58
2020-04-22 22:31:30,19.84,52.68
2020-04-22 22:33:31,19.86,52.69
2020-04-22 22:35:32,19.88,52.58
2020-04-22 22:37:34,19.87,52.63
2020-04-22 22:39:35,19.84,52.67
2020-04-22 22:41:36,19.86,52.62
2020-04-22 22:43:37,19.82,52.76
2020-04-22 22:45:39,19.83,52.66
2020-04-22 22:47:40,19.84,52.66
2020-04-22 22:49:41,19.87,52.55
2020-04-22 22:51:42,19.83,52.67
2020-04-22 22:53:44,19.8,52.79
2020-04-22 22:55:45,19.84,52.64
2020-04-22 22:57:46,19.78,52.75
2020-04-22 22:59:47,19.79,52.75
2020-04-22 23:01:49,19.88,52.55
2020-04-22 23:03:50,19.83,52.61
2020-04-22 23:05:51,19.8,52.69
2020-04-22 23:07:52,19.86,52.53
2020-04-22 23:09:54,19.82,52.65
2020-04-22 23:11:55,19.83,52.61
2020-04-22 23:13:56,19.83,52.67
2020-04-22 23:15:57,19.85,52.53
2020-04-22 23:17:59,19.87,52.5
2020-04-22 23:20:00,19.84,52.57
2020-04-22 23:22:01,19.86,52.51
2020-04-22 23:24:02,19.82,52.63
2020-04-22 23:26:04,19.89,52.52
2020-04-22 23:28:05,19.87,52.48
2020-04-22 23:30:06,19.85,52.57
2020-04-22 23:32:07,19.84,52.61
2020-04-22 23:34:08,19.84,52.54
2020-04-22 23:36:10,19.89,52.24
2020-04-22 23:38:11,19.9,52.06
2020-04-22 23:40:12,19.93,51.77
2020-04-22 23:42:13,19.93,51.62
2020-04-22 23:44:15,19.88,51.62
2020-04-22 23:46:16,19.88,51.57
2020-04-22 23:48:17,19.87,51.53
2020-04-22 23:50:18,19.86,51.44
2020-04-22 23:52:20,19.81,51.5
2020-04-22 23:54:21,19.86,51.3
2020-04-22 23:56:22,19.86,51.3
2020-04-22 23:58:23,19.8,51.37
2020-04-23 00:00:24,19.84,51.21
2020-04-23 00:02:26,19.83,51.19
2020-04-23 00:04:27,19.75,51.27
2020-04-23 00:06:28,19.75,51.32
2020-04-23 00:08:30,19.79,51.15
2020-04-23 00:10:31,19.82,51.05
2020-04-23 00:12:32,19.83,50.91
2020-04-23 00:14:33,19.77,51.02
2020-04-23 00:16:35,19.8,50.94
2020-04-23 00:18:36,19.76,50.99
2020-04-23 00:20:37,19.77,50.92
2020-04-23 00:22:38,19.75,50.9
2020-04-23 00:24:39,19.8,50.77
2020-04-23 00:26:41,19.83,50.56
2020-04-23 00:28:42,19.8,50.55
2020-04-23 00:30:43,19.71,50.74
2020-04-23 00:32:44,19.73,50.6
2020-04-23 00:34:46,19.76,50.52
2020-04-23 00:36:47,19.8,50.42
2020-04-23 00:38:48,19.84,50.26
2020-04-23 00:40:49,19.8,50.22
2020-04-23 00:42:51,19.8,50.23
2020-04-23 00:44:52,19.74,50.38
2020-04-23 00:46:53,19.8,50.21
2020-04-23 00:48:55,19.81,50.12
2020-04-23 00:50:56,19.81,50
2020-04-23 00:52:57,19.79,50.01
2020-04-23 00:54:58,19.76,50.09
2020-04-23 00:56:59,19.8,50
2020-04-23 00:59:01,19.77,49.98
2020-04-23 01:01:02,19.8,49.96
2020-04-23 01:03:03,19.84,49.79
2020-04-23 01:05:04,19.83,49.74
2020-04-23 01:07:06,19.81,49.78
2020-04-23 01:09:07,19.8,49.75
2020-04-23 01:11:08,19.74,49.88
2020-04-23 01:13:09,19.78,49.83
2020-04-23 01:15:11,19.79,49.82
2020-04-23 01:17:12,19.81,49.67
2020-04-23 01:19:13,19.76,49.78
2020-04-23 01:21:14,19.8,49.73
2020-04-23 01:23:15,19.8,49.68
2020-04-23 01:25:17,19.76,49.67
2020-04-23 01:27:18,19.76,49.69
2020-04-23 01:29:19,19.72,49.66
2020-04-23 01:31:21,19.66,49.71
2020-04-23 01:33:22,19.72,49.55
2020-04-23 01:35:23,19.68,49.46
2020-04-23 01:37:24,19.73,49.31
2020-04-23 01:39:26,19.77,49.18
2020-04-23 01:41:27,19.76,49.07
2020-04-23 01:43:28,19.74,49.09
2020-04-23 01:45:29,19.78,48.94
2020-04-23 01:47:30,19.74,48.99
2020-04-23 01:49:32,19.75,48.96
2020-04-23 01:51:33,19.76,48.91
2020-04-23 01:53:34,19.73,48.93
2020-04-23 01:55:35,19.73,49
2020-04-23 01:57:37,19.76,48.86
2020-04-23 01:59:38,19.71,48.98
2020-04-23 02:01:39,19.71,48.93
2020-04-23 02:03:40,19.71,48.87
2020-04-23 02:05:42,19.76,48.8
2020-04-23 02:07:43,19.78,48.64
2020-04-23 02:09:44,19.74,48.61
2020-04-23 02:11:45,19.72,48.74
2020-04-23 02:13:47,19.69,48.78
2020-04-23 02:15:48,19.68,48.82
2020-04-23 02:17:49,19.65,48.87
2020-04-23 02:19:50,19.7,48.78
2020-04-23 02:21:52,19.75,48.61
2020-04-23 02:23:53,19.77,48.51
2020-04-23 02:25:54,19.78,48.47
2020-04-23 02:27:56,19.81,48.41
2020-04-23 02:29:57,19.82,48.33
2020-04-23 02:31:58,19.8,48.39
2020-04-23 02:33:59,19.8,48.35
2020-04-23 02:36:00,19.8,48.33
2020-04-23 02:38:02,19.75,48.44
2020-04-23 02:40:03,19.68,48.57
2020-04-23 02:42:04,19.73,48.58
2020-04-23 02:44:05,19.76,48.49
2020-04-23 02:46:07,19.71,48.54
2020-04-23 02:48:08,19.72,48.53
2020-04-23 02:50:09,19.75,48.37
2020-04-23 02:52:10,19.68,48.45
2020-04-23 02:54:12,19.71,48.47
2020-04-23 02:56:13,19.7,48.5
2020-04-23 02:58:14,19.75,48.32
2020-04-23 03:00:15,19.77,48.2
2020-04-23 03:02:17,19.77,48.22
2020-04-23 03:04:18,19.73,48.25
2020-04-23 03:06:19,19.67,48.31
2020-04-23 03:08:20,19.73,48.23
2020-04-23 03:10:22,19.75,48.12
2020-04-23 03:12:23,19.73,48.1
2020-04-23 03:14:24,19.72,48.11
2020-04-23 03:16:25,19.74,48.09
2020-04-23 03:18:27,19.74,48.1
2020-04-23 03:20:28,19.76,48.05
2020-04-23 03:22:29,19.74,48.02
2020-04-23 03:24:30,19.75,47.96
2020-04-23 03:26:32,19.75,47.98
2020-04-23 03:28:33,19.79,47.9
2020-04-23 03:30:34,19.73,47.98
2020-04-23 03:32:35,19.74,47.9
2020-04-23 03:34:37,19.74,47.94
2020-04-23 03:36:38,19.72,47.95
2020-04-23 03:38:39,19.74,47.96
2020-04-23 03:40:40,19.72,47.95
2020-04-23 03:42:42,19.73,47.93
2020-04-23 03:44:43,19.74,47.94
2020-04-23 03:46:44,19.77,47.84
2020-04-23 03:48:46,19.73,47.84
2020-04-23 03:50:47,19.73,47.87
2020-04-23 03:52:48,19.68,47.93
2020-04-23 03:54:49,19.71,47.95
2020-04-23 03:56:51,19.76,47.8
2020-04-23 03:58:52,19.76,47.81
2020-04-23 04:00:53,19.78,47.67
2020-04-23 04:02:54,19.79,47.57
2020-04-23 04:04:56,19.81,47.5
2020-04-23 04:06:57,19.75,47.61
2020-04-23 04:08:58,19.78,47.61
2020-04-23 04:10:59,19.77,47.64
2020-04-23 04:13:01,19.76,47.6
2020-04-23 04:15:02,19.78,47.54
2020-04-23 04:17:03,19.78,47.55
2020-04-23 04:19:04,19.77,47.47
2020-04-23 04:21:06,19.73,47.6
2020-04-23 04:23:07,19.72,47.58
2020-04-23 04:25:08,19.75,47.62
2020-04-23 04:27:09,19.77,47.6
2020-04-23 04:29:11,19.76,47.48
2020-04-23 04:31:12,19.73,47.58
2020-04-23 04:33:13,19.74,47.46
2020-04-23 04:35:14,19.76,47.4
2020-04-23 04:37:16,19.77,47.36
2020-04-23 04:39:17,19.73,47.43
2020-04-23 04:41:18,19.75,47.38
2020-04-23 04:43:19,19.77,47.32
2020-04-23 04:45:21,19.8,47.25
2020-04-23 04:47:22,19.75,47.27
2020-04-23 04:49:23,19.74,47.31
2020-04-23 04:51:24,19.69,47.44
2020-04-23 04:53:26,19.75,47.37
2020-04-23 04:55:27,19.7,47.38
2020-04-23 04:57:28,19.72,47.38
2020-04-23 04:59:29,19.71,47.49
2020-04-23 05:01:31,19.75,47.35
2020-04-23 05:03:32,19.72,47.5
2020-04-23 05:05:33,19.69,47.47
2020-04-23 05:07:34,19.74,47.4
2020-04-23 05:09:36,19.75,47.54
2020-04-23 05:11:37,19.78,47.34
2020-04-23 05:13:38,19.79,47.41
2020-04-23 05:15:39,19.79,47.28
2020-04-23 05:17:41,19.76,47.33
2020-04-23 05:19:42,19.8,47.29
2020-04-23 05:21:43,19.79,47.34
2020-04-23 05:23:44,19.77,47.38
2020-04-23 05:25:46,19.75,47.47
2020-04-23 05:27:47,19.74,47.41
2020-04-23 05:29:48,19.75,47.51
2020-04-23 05:31:49,19.75,47.45
2020-04-23 05:33:51,19.7,47.58
2020-04-23 05:35:52,19.75,47.49
2020-04-23 05:37:53,19.72,47.59
2020-04-23 05:39:54,19.73,47.61
2020-04-23 05:41:56,19.76,47.49
2020-04-23 05:43:57,19.76,47.47
2020-04-23 05:45:58,19.74,47.49
2020-04-23 05:47:59,19.73,47.5
2020-04-23 05:50:00,19.72,47.56
2020-04-23 05:52:02,19.66,47.7
2020-04-23 05:54:03,19.66,47.8
2020-04-23 05:56:04,19.65,47.85
2020-04-23 05:58:05,19.68,47.84
2020-04-23 06:00:07,19.65,47.91
2020-04-23 06:02:08,19.68,47.78
2020-04-23 06:04:09,19.72,47.74
2020-04-23 06:06:10,19.74,47.63
2020-04-23 06:08:12,19.75,47.57
2020-04-23 06:10:13,19.72,47.71
2020-04-23 06:12:14,19.74,47.62
2020-04-23 06:14:15,19.73,47.66
2020-04-23 06:16:17,19.76,47.56
2020-04-23 06:18:18,19.73,47.62
2020-04-23 06:20:19,19.76,47.53
2020-04-23 06:22:20,19.71,47.68
2020-04-23 06:24:22,19.71,47.63
2020-04-23 06:26:23,19.72,47.66
2020-04-23 06:28:24,19.72,47.57
2020-04-23 06:30:25,19.69,47.64
2020-04-23 06:32:27,19.7,47.59
2020-04-23 06:34:28,19.8,47.53
2020-04-23 06:36:29,19.81,47.25
2020-04-23 06:38:30,19.78,47.28
2020-04-23 06:40:32,19.73,47.49
2020-04-23 06:42:33,19.81,47.31
2020-04-23 06:44:34,19.82,47.14
2020-04-23 06:46:35,19.78,47.3
2020-04-23 06:48:36,19.74,47.35
2020-04-23 06:50:38,19.77,47.33
2020-04-23 06:52:39,19.78,47.31
2020-04-23 06:54:40,19.73,47.33
2020-04-23 06:56:41,19.72,47.4
2020-04-23 06:58:43,19.75,47.35
2020-04-23 07:00:44,19.74,47.38
2020-04-23 07:02:45,19.71,47.48
2020-04-23 07:04:46,19.67,47.56
2020-04-23 07:06:48,19.72,47.56
2020-04-23 07:08:49,19.75,47.43
2020-04-23 07:10:50,19.72,47.41
2020-04-23 07:12:52,19.73,47.44
2020-04-23 07:14:53,19.72,47.37
2020-04-23 07:16:54,19.77,47.37
2020-04-23 07:18:55,19.77,47.33
2020-04-23 07:20:57,19.73,47.43
2020-04-23 07:22:58,19.71,47.48
2020-04-23 07:24:59,19.72,47.5
2020-04-23 07:27:00,19.71,47.59
2020-04-23 07:29:01,19.73,47.54
2020-04-23 07:31:03,19.71,47.59
2020-04-23 07:33:04,19.74,47.58
2020-04-23 07:35:05,19.73,47.51
2020-04-23 07:37:07,19.74,47.51
2020-04-23 07:39:08,19.76,47.53
2020-04-23 07:41:09,19.74,47.51
2020-04-23 07:43:10,19.71,47.67
2020-04-23 07:45:12,19.73,47.62
2020-04-23 07:47:13,19.73,47.64
2020-04-23 07:49:14,19.7,47.76
2020-04-23 07:51:15,19.68,47.82
2020-04-23 07:53:16,19.74,47.71
2020-04-23 07:55:18,19.74,47.68
2020-04-23 07:57:19,19.73,47.68
2020-04-23 07:59:20,19.74,47.71
2020-04-23 08:01:21,19.74,47.69
2020-04-23 08:03:23,19.75,47.65
2020-04-23 08:05:24,19.7,47.8
2020-04-23 08:07:25,19.7,47.87
2020-04-23 08:09:26,19.71,47.8
2020-04-23 08:11:28,19.71,47.93
2020-04-23 08:13:29,19.74,47.8
2020-04-23 08:15:30,19.72,47.87
2020-04-23 08:17:31,19.72,47.99
2020-04-23 08:19:33,19.76,47.81
2020-04-23 08:21:34,19.69,47.92
2020-04-23 08:23:35,19.68,48.01
2020-04-23 08:25:36,19.74,47.96
2020-04-23 08:27:38,19.77,47.83
2020-04-23 08:29:39,19.74,47.86
2020-04-23 08:31:40,19.77,47.91
2020-04-23 08:33:41,19.77,47.86
2020-04-23 08:35:43,19.75,47.85
2020-04-23 08:37:44,19.77,47.84
2020-04-23 08:39:45,19.73,47.9
2020-04-23 08:41:46,19.73,47.92
2020-04-23 08:43:48,19.74,47.88
2020-04-23 08:45:49,19.7,47.99
2020-04-23 08:47:50,19.75,47.91
2020-04-23 08:49:51,19.72,47.99
2020-04-23 08:51:53,19.74,47.98
2020-04-23 08:53:54,19.75,47.9
2020-04-23 08:55:55,19.78,47.79
2020-04-23 08:57:56,19.73,47.87
2020-04-23 08:59:58,19.73,47.96
2020-04-23 09:01:59,19.74,47.93
2020-04-23 09:04:00,19.72,47.98
2020-04-23 09:06:01,19.65,48.21
2020-04-23 09:08:02,19.66,48.2
2020-04-23 09:10:04,19.7,48.12
2020-04-23 09:12:05,19.75,48.07
2020-04-23 09:14:06,19.74,48.02
2020-04-23 09:16:08,19.7,48.1
2020-04-23 09:18:09,19.7,48.18
2020-04-23 09:20:10,19.72,48.16
2020-04-23 09:22:11,19.7,48.24
2020-04-23 09:24:13,19.76,48.09
2020-04-23 09:26:14,19.74,48.12
2020-04-23 09:28:15,19.78,48.1
2020-04-23 09:30:16,19.74,48.15
2020-04-23 09:32:17,19.74,48.24
2020-04-23 09:34:19,19.71,48.21
2020-04-23 09:36:20,19.71,48.31
2020-04-23 09:38:21,19.76,48.21
2020-04-23 09:40:22,19.76,48.2
2020-04-23 09:42:24,19.77,48.13
2020-04-23 09:44:25,19.72,48.27
2020-04-23 09:46:26,19.71,48.32
2020-04-23 09:48:27,19.76,48.21
2020-04-23 09:50:29,19.75,48.27
2020-04-23 09:52:30,19.78,48.23
2020-04-23 09:54:31,19.78,48.15
2020-04-23 09:56:32,19.73,48.26
2020-04-23 09:58:34,19.75,48.29
2020-04-23 10:00:35,19.75,48.27
2020-04-23 10:02:36,19.75,48.24
2020-04-23 10:04:37,19.76,48.33
2020-04-23 10:06:39,19.74,48.34
2020-04-23 10:08:40,19.67,48.51
2020-04-23 10:10:41,19.65,48.56
2020-04-23 10:12:42,19.7,48.45
2020-04-23 10:14:44,19.62,48.6
2020-04-23 10:16:45,19.63,48.61
2020-04-23 10:18:46,19.63,48.67
2020-04-23 10:20:47,19.64,48.65
2020-04-23 10:22:49,19.7,48.53
2020-04-23 10:24:50,19.77,48.36
2020-04-23 10:26:51,19.79,48.24
2020-04-23 10:28:52,19.68,48.41
2020-04-23 10:30:54,19.74,48.4
2020-04-23 10:32:55,19.77,48.25
2020-04-23 10:34:56,19.78,48.29
2020-04-23 10:36:57,19.76,48.23
2020-04-23 10:38:59,19.73,48.26
2020-04-23 10:41:00,19.73,48.3
2020-04-23 10:43:01,19.74,48.24
2020-04-23 10:45:02,19.73,48.23
2020-04-23 10:47:03,19.76,48.19
2020-04-23 10:49:05,19.7,48.29
2020-04-23 10:51:06,19.74,48.26
2020-04-23 10:53:07,19.75,48.15
2020-04-23 10:55:08,19.73,48.28
2020-04-23 10:57:10,19.8,48.1
2020-04-23 10:59:11,19.76,48.17
2020-04-23 11:01:12,19.78,48.14
2020-04-23 11:03:13,19.76,48.22
2020-04-23 11:05:14,19.74,48.23
2020-04-23 11:07:16,19.76,48.21
2020-04-23 11:09:17,19.79,48.12
2020-04-23 11:11:18,19.81,48.04
2020-04-23 11:13:20,19.8,47.98
2020-04-23 11:15:21,19.8,47.96
2020-04-23 11:17:22,19.8,48.04
2020-04-23 11:19:23,19.72,48.12
2020-04-23 11:21:25,19.78,48.05
2020-04-23 11:23:26,19.78,48.01
2020-04-23 11:25:27,19.8,47.94
2020-04-23 11:27:28,19.79,47.97
2020-04-23 11:29:30,19.74,48.06
2020-04-23 11:31:31,19.74,48.2
2020-04-23 11:33:32,19.73,48.17
2020-04-23 11:35:33,19.74,48.24
2020-04-23 11:37:35,19.73,48.23
2020-04-23 11:39:36,19.78,48.15
2020-04-23 11:41:37,19.79,48.1
2020-04-23 11:43:38,19.71,48.26
2020-04-23 11:45:39,19.7,48.37
2020-04-23 11:47:41,19.72,48.41
2020-04-23 11:49:42,19.7,48.36
2020-04-23 11:51:43,19.7,48.36
2020-04-23 11:53:44,19.7,48.38
2020-04-23 11:55:46,19.72,48.32
2020-04-23 11:57:47,19.71,48.37
2020-04-23 11:59:48,19.74,48.25
2020-04-23 12:01:49,19.71,48.34
2020-04-23 12:03:51,19.74,48.34
2020-04-23 12:05:52,19.71,48.32
2020-04-23 12:07:53,19.74,48.31
2020-04-23 12:09:54,19.78,48.24
2020-04-23 12:11:55,19.75,48.28
2020-04-23 12:13:57,19.76,48.21
2020-04-23 12:15:58,19.77,48.27
2020-04-23 12:17:59,19.76,48.2
2020-04-23 12:20:00,19.7,48.4
2020-04-23 12:22:02,19.75,48.33
2020-04-23 12:24:03,19.71,48.38
2020-04-23 12:26:04,19.7,48.39
2020-04-23 12:28:05,19.67,48.5
2020-04-23 12:30:06,19.66,48.52
2020-04-23 12:32:08,19.7,48.46
2020-04-23 12:34:09,19.65,48.59
2020-04-23 12:36:10,19.7,48.49
2020-04-23 12:38:11,19.73,48.43
2020-04-23 12:40:13,19.75,48.3
2020-04-23 12:42:14,19.74,48.37
2020-04-23 12:44:15,19.75,48.35
2020-04-23 12:46:16,19.73,48.31
2020-04-23 12:48:18,19.71,48.4
2020-04-23 12:50:19,19.73,48.29
2020-04-23 12:52:20,19.74,48.38
2020-04-23 12:54:21,19.74,48.27
2020-04-23 12:56:23,19.75,48.3
2020-04-23 12:58:24,19.76,48.23
2020-04-23 13:00:25,19.77,48.28
2020-04-23 13:02:26,19.75,48.24
2020-04-23 13:04:28,19.79,48.19
2020-04-23 13:06:29,19.8,48.19
2020-04-23 13:08:30,19.78,48.15
2020-04-23 13:10:31,19.81,48.11
2020-04-23 13:12:32,19.75,48.31
2020-04-23 13:14:34,19.74,48.32
2020-04-23 13:16:35,19.75,48.22
2020-04-23 13:18:36,19.75,48.28
2020-04-23 13:20:37,19.71,48.37
2020-04-23 13:22:39,19.74,48.36
2020-04-23 13:24:40,19.77,48.27
2020-04-23 13:26:41,19.73,48.42
2020-04-23 13:28:42,19.77,48.35
2020-04-23 13:30:44,19.71,48.42
2020-04-23 13:32:45,19.71,48.58
2020-04-23 13:34:46,19.7,48.54
2020-04-23 13:36:47,19.66,48.68
2020-04-23 13:38:49,19.69,48.71
2020-04-23 13:40:50,19.7,48.57
2020-04-23 13:42:51,19.71,48.63
2020-04-23 13:44:52,19.68,48.72
2020-04-23 13:46:53,19.68,48.7
2020-04-23 13:48:55,19.72,48.68
2020-04-23 13:50:56,19.73,48.71
2020-04-23 13:52:57,19.67,48.79
2020-04-23 13:54:58,19.65,48.8
2020-04-23 13:57:00,19.72,48.75
2020-04-23 13:59:01,19.69,48.76
2020-04-23 14:01:02,19.75,48.65
2020-04-23 14:03:04,19.74,48.66
2020-04-23 14:05:05,19.69,48.81
2020-04-23 14:07:06,19.72,48.75
2020-04-23 14:09:07,19.67,48.77
2020-04-23 14:11:08,19.7,48.82
2020-04-23 14:13:10,19.73,48.68
2020-04-23 14:15:11,19.75,48.67
2020-04-23 14:17:12,19.76,48.6
2020-04-23 14:19:13,19.71,48.71
2020-04-23 14:21:15,19.72,48.68
2020-04-23 14:23:16,19.74,48.63
2020-04-23 14:25:17,19.73,48.7
2020-04-23 14:27:18,19.71,48.59
2020-04-23 14:29:20,19.72,48.59
2020-04-23 14:31:21,19.67,48.7
2020-04-23 14:33:22,19.72,48.62
2020-04-23 14:35:23,19.76,48.49
2020-04-23 14:37:25,19.71,48.61
2020-04-23 14:39:26,19.7,48.56
2020-04-23 14:41:27,19.65,48.66
2020-04-23 14:43:28,19.69,48.62
2020-04-23 14:45:30,19.71,48.51
2020-04-23 14:47:31,19.73,48.38
2020-04-23 14:49:32,19.72,48.48
2020-04-23 14:51:33,19.72,48.41
2020-04-23 14:53:34,19.7,48.46
2020-04-23 14:55:36,19.7,48.43
2020-04-23 14:57:37,19.7,48.5
2020-04-23 14:59:38,19.73,48.34
2020-04-23 15:01:39,19.71,48.36
2020-04-23 15:03:41,19.67,48.42
2020-04-23 15:05:42,19.64,48.57
2020-04-23 15:07:43,19.66,48.55
2020-04-23 15:09:44,19.67,48.48
2020-04-23 15:11:46,19.68,48.37
2020-04-23 15:13:47,19.69,48.4
2020-04-23 15:15:48,19.73,48.24
2020-04-23 15:17:49,19.71,48.27
2020-04-23 15:19:51,19.76,48.2
2020-04-23 15:21:52,19.76,48.07
2020-04-23 15:23:53,19.74,48.1
2020-04-23 15:25:54,19.77,48.03
2020-04-23 15:27:55,19.74,48.02
2020-04-23 15:29:57,19.74,48.12
2020-04-23 15:31:58,19.78,47.86
2020-04-23 15:33:59,19.68,48.1
2020-04-23 15:36:00,19.72,48.08
2020-04-23 15:38:02,19.71,47.95
2020-04-23 15:40:03,19.76,47.86
2020-04-23 15:42:04,19.71,47.96
2020-04-23 15:44:05,19.72,47.93
2020-04-23 15:46:07,19.73,47.97
2020-04-23 15:48:08,19.78,47.8
2020-04-23 15:50:09,19.78,47.75
2020-04-23 15:52:10,19.77,47.74
2020-04-23 15:54:12,19.74,47.81
2020-04-23 15:56:13,19.7,47.87
2020-04-23 15:58:14,19.73,47.86
2020-04-23 16:00:15,19.77,47.69
2020-04-23 16:02:16,19.72,47.72
2020-04-23 16:04:18,19.75,47.77
2020-04-23 16:06:19,19.73,47.73
2020-04-23 16:08:20,19.71,47.78
2020-04-23 16:10:21,19.73,47.72
2020-04-23 16:12:23,19.74,47.68
2020-04-23 16:14:24,19.75,47.69
2020-04-23 16:16:25,19.76,47.62
2020-04-23 16:18:26,19.76,47.61
2020-04-23 16:20:28,19.77,47.57
2020-04-23 16:22:29,19.7,47.65
2020-04-23 16:24:30,19.75,47.61
2020-04-23 16:26:31,19.75,47.57
2020-04-23 16:28:33,19.7,47.7
2020-04-23 16:30:34,19.7,47.81
2020-04-23 16:32:35,19.71,47.72
2020-04-23 16:34:36,19.74,47.65
2020-04-23 16:36:38,19.75,47.6
2020-04-23 16:38:39,19.68,47.79
2020-04-23 16:40:40,19.75,47.59
2020-04-23 16:42:41,19.77,47.55
2020-04-23 16:44:42,19.71,47.73
2020-04-23 16:46:44,19.71,47.69
2020-04-23 16:48:45,19.75,47.65
2020-04-23 16:50:46,19.76,47.64
2020-04-23 16:52:47,19.74,47.61
2020-04-23 16:54:48,19.72,47.74
2020-04-23 16:56:50,19.7,47.78
2020-04-23 16:58:51,19.76,47.61
2020-04-23 17:00:52,19.78,47.54
2020-04-23 17:02:53,19.79,47.57
2020-04-23 17:04:55,19.75,47.56
2020-04-23 17:06:56,19.76,47.59
2020-04-23 17:08:57,19.72,47.58
2020-04-23 17:10:58,19.79,47.57
2020-04-23 17:13:00,19.78,47.5
2020-04-23 17:15:01,19.7,47.65
2020-04-23 17:17:02,19.69,47.72
2020-04-23 17:19:03,19.72,47.64
2020-04-23 17:21:05,19.68,47.73
2020-04-23 17:23:06,19.7,47.69
2020-04-23 17:25:07,19.69,47.66
2020-04-23 17:27:08,19.66,47.77
2020-04-23 17:29:10,19.64,47.84
2020-04-23 17:31:11,19.71,47.69
2020-04-23 17:33:12,19.72,47.66
2020-04-23 17:35:13,19.78,47.48
2020-04-23 17:37:14,19.75,47.42
2020-04-23 17:39:16,19.8,47.39
2020-04-23 17:41:17,19.76,47.4
2020-04-23 17:43:18,19.73,47.42
2020-04-23 17:45:19,19.73,47.39
2020-04-23 17:47:21,19.74,47.46
2020-04-23 17:49:22,19.79,47.23
2020-04-23 17:51:23,19.72,47.32
2020-04-23 17:53:24,19.76,47.29
2020-04-23 17:55:26,19.77,47.21
2020-04-23 17:57:27,19.74,47.21
2020-04-23 17:59:28,19.75,47.24
2020-04-23 18:01:30,19.74,47.23
2020-04-23 18:03:31,19.74,47.23
2020-04-23 18:05:32,19.73,47.25
2020-04-23 18:07:33,19.76,47.18
2020-04-23 18:09:35,19.76,47.2
2020-04-23 18:11:36,19.8,47.08
2020-04-23 18:13:37,19.72,47.21
2020-04-23 18:15:38,19.72,47.31
2020-04-23 18:17:40,19.73,47.28
2020-04-23 18:19:41,19.75,47.18
2020-04-23 18:21:42,19.69,47.33
2020-04-23 18:23:43,19.73,47.3
2020-04-23 18:25:45,19.77,47.11
2020-04-23 18:27:46,19.74,47.25
2020-04-23 18:29:47,19.71,47.28
2020-04-23 18:31:48,19.74,47.09
2020-04-23 18:33:50,19.74,47.11
2020-04-23 18:35:51,19.8,46.91
2020-04-23 18:37:52,19.75,47.03
2020-04-23 18:39:53,19.76,47.03
2020-04-23 18:41:54,19.84,46.84
2020-04-23 18:43:56,19.81,46.86
2020-04-23 18:45:57,19.81,46.82
2020-04-23 18:47:58,19.77,46.84
2020-04-23 18:49:59,19.8,46.78
2020-04-23 18:52:01,19.8,46.77
2020-04-23 18:54:02,19.79,46.8
2020-04-23 18:56:03,19.81,46.73
2020-04-23 18:58:05,19.8,46.71
2020-04-23 19:00:06,19.76,46.83
2020-04-23 19:02:07,19.74,46.89
2020-04-23 19:04:08,19.66,47.06
2020-04-23 19:06:10,19.67,47.06
2020-04-23 19:08:11,19.76,46.91
2020-04-23 19:10:12,19.79,46.75
2020-04-23 19:12:13,19.73,46.93
2020-04-23 19:14:14,19.71,46.93
2020-04-23 19:16:16,19.75,46.89
2020-04-23 19:18:17,19.72,46.92
2020-04-23 19:20:18,19.7,46.94
2020-04-23 19:22:19,19.71,46.93
2020-04-23 19:24:21,19.69,46.96
2020-04-23 19:26:22,19.7,46.97
2020-04-23 19:28:23,19.7,46.84
2020-04-23 19:30:24,19.66,46.96
2020-04-23 19:32:25,19.69,46.91
2020-04-23 19:34:27,19.71,46.85
2020-04-23 19:36:28,19.72,46.8
2020-04-23 19:38:29,19.73,46.73
2020-04-23 19:40:30,19.74,46.75
2020-04-23 19:42:32,19.76,46.64
2020-04-23 19:44:33,19.78,46.7
2020-04-23 19:46:34,19.78,46.61
2020-04-23 19:48:35,19.8,46.56
2020-04-23 19:50:37,19.76,46.63
2020-04-23 19:52:38,19.76,46.58
2020-04-23 19:54:39,19.74,46.63
2020-04-23 19:56:40,19.69,46.71
2020-04-23 19:58:42,19.72,46.64
2020-04-23 20:00:43,19.75,46.62
2020-04-23 20:02:44,19.69,46.69
2020-04-23 20:04:45,19.74,46.67
2020-04-23 20:06:47,19.8,46.56
2020-04-23 20:08:48,19.75,46.53
2020-04-23 20:10:49,19.73,46.55
2020-04-23 20:12:50,19.74,46.6
2020-04-23 20:14:52,19.76,46.59
2020-04-23 20:16:53,19.77,46.6
2020-04-23 20:18:54,19.8,46.46
2020-04-23 20:20:55,19.8,46.38
2020-04-23 20:22:57,19.81,46.38
2020-04-23 20:24:58,19.76,46.49
2020-04-23 20:26:59,19.75,46.56
2020-04-23 20:29:00,19.72,46.69
2020-04-23 20:31:01,19.73,46.64
2020-04-23 20:33:03,19.78,46.52
2020-04-23 20:35:04,19.74,46.59
2020-04-23 20:37:05,19.8,46.42
2020-04-23 20:39:06,19.73,46.54
2020-04-23 20:41:08,19.75,46.62
2020-04-23 20:43:09,19.77,46.57
2020-04-23 20:45:10,19.73,46.63
2020-04-23 20:47:11,19.79,46.57
2020-04-23 20:49:13,19.73,46.64
2020-04-23 20:51:14,19.68,46.79
2020-04-23 20:53:15,19.71,46.75
2020-04-23 20:55:16,19.73,46.73
2020-04-23 20:57:18,19.77,46.59
2020-04-23 20:59:19,19.73,46.72
2020-04-23 21:01:20,19.76,46.65
2020-04-23 21:03:21,19.72,46.77
2020-04-23 21:05:22,19.75,46.73
2020-04-23 21:07:24,19.74,46.71
2020-04-23 21:09:25,19.77,46.76
2020-04-23 21:11:26,19.78,46.61
2020-04-23 21:13:27,19.76,46.74
2020-04-23 21:15:29,19.72,46.86
2020-04-23 21:17:30,19.75,46.81
2020-04-23 21:19:31,19.71,46.91
2020-04-23 21:21:32,19.7,46.96
2020-04-23 21:23:33,19.69,47.01
2020-04-23 21:25:35,19.7,47.01
2020-04-23 21:27:36,19.76,46.82
2020-04-23 21:29:37,19.8,46.75
2020-04-23 21:31:38,19.75,46.8
2020-04-23 21:33:40,19.68,47.01
2020-04-23 21:35:41,19.74,46.88
2020-04-23 21:37:42,19.73,46.86
2020-04-23 21:39:43,19.68,46.96
2020-04-23 21:41:44,19.7,46.97
2020-04-23 21:43:46,19.72,46.88
2020-04-23 21:45:47,19.72,46.88
2020-04-23 21:47:48,19.72,46.91
2020-04-23 21:49:49,19.77,46.73
2020-04-23 21:51:51,19.75,46.85
2020-04-23 21:53:52,19.76,46.79
2020-04-23 21:55:53,19.76,46.78
2020-04-23 21:57:54,19.75,46.7
2020-04-23 21:59:56,19.72,46.91
2020-04-23 22:01:57,19.75,46.72
2020-04-23 22:03:58,19.74,46.71
2020-04-23 22:05:59,19.76,46.74
2020-04-23 22:08:01,19.7,46.88
2020-04-23 22:10:02,19.73,46.77
2020-04-23 22:12:03,19.74,46.79
2020-04-23 22:14:04,19.76,46.6
2020-04-23 22:16:06,19.74,46.64
2020-04-23 22:18:07,19.71,46.72
2020-04-23 22:20:08,19.7,46.79
2020-04-23 22:22:09,19.72,46.76
2020-04-23 22:24:11,19.71,46.88
2020-04-23 22:26:12,19.74,46.63
2020-04-23 22:28:13,19.72,46.69
2020-04-23 22:30:14,19.74,46.63
2020-04-23 22:32:16,19.7,46.68
2020-04-23 22:34:17,19.72,46.58
2020-04-23 22:36:18,19.76,46.46
2020-04-23 22:38:19,19.74,46.46
2020-04-23 22:40:21,19.73,46.43
2020-04-23 22:42:22,19.78,46.42
2020-04-23 22:44:23,19.72,46.38
2020-04-23 22:46:24,19.73,46.38
2020-04-23 22:48:25,19.77,46.22
2020-04-23 22:50:27,19.79,46.14
2020-04-23 22:52:28,19.76,46.15
2020-04-23 22:54:29,19.73,46.18
2020-04-23 22:56:30,19.76,46.23
2020-04-23 22:58:32,19.72,46.16
2020-04-23 23:00:33,19.69,46.13
2020-04-23 23:02:34,19.74,46.07
2020-04-23 23:04:35,19.71,46.04
2020-04-23 23:06:37,19.7,46.03
2020-04-23 23:08:38,19.74,45.87
2020-04-23 23:10:39,19.7,45.93
2020-04-23 23:12:40,19.7,46.03
2020-04-23 23:14:42,19.75,45.81
2020-04-23 23:16:43,19.71,45.89
2020-04-23 23:18:44,19.74,45.79
2020-04-23 23:20:45,19.69,45.81
2020-04-23 23:22:47,19.75,45.77
2020-04-23 23:24:48,19.73,45.59
2020-04-23 23:26:49,19.7,45.63
2020-04-23 23:28:50,19.69,45.66
2020-04-23 23:30:52,19.71,45.63
2020-04-23 23:32:53,19.72,45.6
2020-04-23 23:34:54,19.64,45.7
2020-04-23 23:36:55,19.68,45.68
2020-04-23 23:38:57,19.73,45.63
2020-04-23 23:40:58,19.72,45.42
